Категория;Наименование;Цена;Ссылка
Сыры;Сыр полутвердый ЕСТЕСТВЕННО Ассорти сыров Легкий Для нее 20% и Сливочный Для него 45%, нарезка, без змж, 290г;359.99 ₽;https://lenta.com/product/774171-assorti-syrov-ptv-legkijj-dlya-nee-i-slivochnyjj-dlya-nego-2045-bez-zmzh-rossiya-290g/
Сыры;Сыр твердый ЛИПИН БОР Пармезан 40%, 6 месяцев, без змж, 180г;379.99 ₽;https://lenta.com/product/725318-syr-tverdyjj-parmezan-40-6-mesyacev-bez-zmzh-rossiya-180g/
Сыры;Сыр мягкий BONFESTO Рикотта 40%, без змж, 500г;209.99 ₽;https://lenta.com/product/462268-syr-rikotta-40-bez-zmzh-belarus-500g/
Сыры;Сыр NATURA Сливочный 45%, без змж, 400г;369.00 ₽;https://lenta.com/product/680598-syr-slivochnyjj-45-bez-zmzh-rossiya-400g/
Сыры;Сыр БРЫКИН БОР Качотта 40%, без змж, весовой;510.00 ₽;https://lenta.com/product/694611-syr-kachotta-40-bez-zmzh-ves-rossiya/
Сыры;Сыр твердый EXCELSIOR Formaggio с козьим молоком 45%, без змж, весовой;1399.99 ₽;https://lenta.com/product/746442-syr-formaggio-s-kozim-molokom-tverdyjj-45-bez-zmzh-ves-rossiya/
Сыры;Сыр мягкий CHEF WORKS 40%, без змж, 800г;484.99 ₽;https://lenta.com/product/792625-syr-myagkijj-40-bez-zmzh-belarus-800g/
Сыры;Сыр мягкий FLE Бри с белой плесенью 50%, без змж, 125г;304.99 ₽;https://lenta.com/product/855412-syr-myagkijj-bri-s-belojj-plesenyu-50-bez-zmzh-rossiya-125g/
Сыры;Сыр ДОЛИНА ЛЕГЕНД Крымчанин с трюфелем 50%, без змж, 130г;334.99 ₽;https://lenta.com/product/722647-syr-krymchanin-s-tryufelem-50-bez-zmzh-rossiya-130g/
Сыры;Сыр твердый BURENKA CLUB Марсенталь Арабеск из козьего молока 50%, без змж, 125г;404.99 ₽;https://lenta.com/product/675224-syr-tverdyjj-marsental-arabesk-iz-kozego-moloka-50-bez-zmzh-rossiya-125g/
Сыры;Продукт плавленый Сливочный с сыром 40%, с змж, 70г;14.99 ₽;https://lenta.com/product/455619-produkt-plavlenyjj-s-syrom-slivochnyjj-40-s-zmzh-rossiya-70g/
Сыры;Сыр NATURA SELECTION с голубой благородной плесенью 50%, без змж, 100г;229.99 ₽;https://lenta.com/product/692490-syr-s-golubojj-blagorodnojj-plesenyu-50-bez-zmzh-rossiya-100g/
Сыры;Сыр MILKANA GrandBlu Intense с голубой плесенью 50%, без змж, весовой;533.75 ₽;https://lenta.com/product/351835-syr-grandblu-intense-s-gol-plesen-50-bez-zmzh-ves-rossiya/
Сыры;Сыр твердый LAIME Пармезан 40%, 6 месяцев, без змж, 175г;369.99 ₽;https://lenta.com/product/729484-syr-parmezan-6-mes-40-bez-zmzh-rossiya-175g/
Сыры;Сыр полутвердый ЛЕНТА Сливочный 45%, без змж, весовой;210.00 ₽;https://lenta.com/product/568331-syr-polutverdyjj-slivochnyjj-45-bez-zmzh-ves-rossiya/
Сыры;Сыр полутвердый БРЕСТ-ЛИТОВСК Топленое молоко 45%, без змж, 200г;189.99 ₽;https://lenta.com/product/734892-syr-polutverdyjj-toplenoe-moloko-45-brusok-bez-zmzh-belarus-200g/
Сыры;Сыр LAIME Фрибург 49%, роллы, без змж, 100г;569.99 ₽;https://lenta.com/product/863882-syr-friburg-49-rolly-bez-zmzh-shvejjcariya-100g/
Сыры;Сыр СВАЛЯ Тильзитер 45% без змж;494.99 ₽;https://lenta.com/product/902739-syr-tilziter-45-bez-zmzh-rossiya-400g/
Сыры;Сыр КИПРИНО Алтареджио Пармезан 6 месяцев 45%, лепестки, без змж, 80г;229.99 ₽;https://lenta.com/product/883684-syr-altaredzhio-parmezan-6-mes-45-lepestki-bez-zmzh-rossiya-80g/
Сыры;Сыр GALBANI Маскарпоне 80%, без змж, 250г;399.99 ₽;https://lenta.com/product/154125-syr-maskarpone-80-bez-zmzh-serbiya-250g/
Сыры;Сыр SANTABENE Маскарпоне со вкусом ванили 80%, без змж, 250г;299.99 ₽;https://lenta.com/product/603840-syr-maskarpone-so-vkusom-vanili-80-bez-zmzh-rossiya-250g/
Сыры;Сыр БРЕСТ-ЛИТОВСК Легкий 35%, без змж, 200г;199.99 ₽;https://lenta.com/product/299179-syr-legkijj-35-fas-bez-zmzh-belarus-200g/
Сыры;Сыр БРЕСТ-ЛИТОВСК Сливочный 50%, без змж, 200г;199.99 ₽;https://lenta.com/product/299164-syr-slivochnyjj-50-fas-bez-zmzh-belarus-200g/
Сыры;Сыр ВЕЛИКИЕ ЛУКИ Маасдам 45%, без змж, весовой;315.00 ₽;https://lenta.com/product/698769-syr-maasdam-45-bez-zmzh-ves-rossiya/
Сыры;Сыр твердый ЛИПИН БОР Манчего Дель Руссо 50%, 3 месяца, без змж, 180г;274.99 ₽;https://lenta.com/product/564846-syr-manchego-del-russo3-mesyaca-50-bez-zmzh-rossiya-180g/
Сыры;Сыр мягкий ГОРОДЕЦКАЯ СЫРОВАРНЯ Камамбер с белой плесенью 50%, без змж, 125г;269.99 ₽;https://lenta.com/product/698796-syr-kamamber-myagkijj-s-belojj-plesenyu-50-bez-zmzh-rossiya-125g/
Сыры;Сыр плавленый СЫРОБОГАТОВ Датский с копчеными колбасками 45%, без змж, 400г;229.99 ₽;https://lenta.com/product/713634-syr-plavlenyjj-datskijj-s-kopchenymi-kolbaskami-45-vanna-bez-zmzh-rossiya-400g/
Сыры;Сыр рассольный SLIIIVKI Спагетти с зеленью 40%, без змж, 100г;154.99 ₽;https://lenta.com/product/736589-syr-rassolnyjj-spagetti-s-zelenyu-bez-zmzh-rossiya-100g/
Сыры;Сыр BONFESTO Моцарелла мини 45%, без змж, вес сыра 80г, вес с рассолом 230г;99.99 ₽;https://lenta.com/product/684952-syr-mocarella-v-rassole-mini-45-ves-syra-80g-bez-zmzh-belarus-230g/
Сыры;Сыр полутвердый ЕСТЕСТВЕННО Ассорти Сливочный/с лесным орехом 45%, без змж, 290г;389.99 ₽;https://lenta.com/product/761947-syr-ptv-assorti-slivochnyjjs-lesnym-orehom-45-bez-zmzh-rossiya-290g/
Сыры;Продукт рассольный комбинированный СИРТАКИ Original Для греческого салата 55%, 200г;119.99 ₽;https://lenta.com/product/369230-produkt-kombinir-rassol-smesh-sostava-original-55-rossiya-200g/
Сыры;Сыр ЛЕНТА FRESH Лапландский с курагой и изюмом 45%, без змж, 180г;229.99 ₽;https://lenta.com/product/879918-syr-laplandskijj-s-kuragojj-i-izyumom-45-bez-zmzh-rossiya-180g/
Сыры;Сыр мягкий НЕНАШЕВО Камамбер с луком Шалот 55%, без змж, весовой;249.00 ₽;https://lenta.com/product/703250-syr-myagkijj-kamamber-s-lukom-shalot-55-bez-zmzh-ves-rossiya/
Сыры;Продукт плавленый с сыром копченый Лухский 40%, с змж, весовой;108.00 ₽;https://lenta.com/product/703566-produkt-plavlenyjj-s-syrom-luhskijj-kopchenyjj-40-s-zmzh-ves-rossiya/
Сыры;Сыр NATURA Сливочный Легкий 30%, без змж, 400г;369.00 ₽;https://lenta.com/product/680599-syr-slivochnyjj-legkijj-30-bez-zmzh-rossiya-400g/
Сыры;Сыр мягкий SUPREME с белой плесенью 60%, без змж, весовой;477.50 ₽;https://lenta.com/product/559537-syr-myagkijj-s-belojj-plesenyu-60-bez-zmzh-ves-rossiya/
Сыры;Сыр PREMIUM CLUB Маасдам 45%, без змж, весовой;255.00 ₽;https://lenta.com/product/469525-syr-maasdam-45-ves-bez-zmzh-rossiya/
Сыры;Сыр полутвердый VARDEVAAL с козьим молоком 45%, без змж, весовой;507.00 ₽;https://lenta.com/product/768315-syr-ptv-s-kozim-molokom-45-bez-zmzh-ves-rossiya/
Сыры;Продукт белковый РОССОЯ Тофу паприка, 120г;89.99 ₽;https://lenta.com/product/458127-produkt-belkovyjj-tofu-paprika-rossiya-120g/
Сыры;Сыр БЕЛЕБЕЕВСКИЙ Монбри с пажитником 50%, без змж, 125г;229.99 ₽;https://lenta.com/product/792796-syr-monbri-s-pazhitnikom-50-bez-zmzh-rossiya-125g/
Сыры;Сыр плавленый HOCHLAND Чизбургер порционный 45%, ломтики, без змж, 150г;104.99 ₽;https://lenta.com/product/121130-syr-plavlenyjj-chizburger-45-lomtiki-bez-zmzh-rossiya-150g/
Сыры;Сыр ЛЕНТА Российский 45%, без змж, весовой;280.00 ₽;https://lenta.com/product/469638-syr-rossijjskijj-45-bez-zmzh-ves-rossiya/
Сыры;Сыр рассольный NATURA Traditional 35%, без змж, 200г;139.99 ₽;https://lenta.com/product/897445-syr-traditional-rassolnyjj-35-bez-zmzh-rossiya-200g/
Сыры;Сыр OLDENBURGER протеиновый с томатом и базиликом 30%, без змж, 150г;249.99 ₽;https://lenta.com/product/770179-syr-proteinovyjj-s-tomatom-i-bazilikom-30-bez-zmzh-rossiya-150g/
Сыры;Сыр творожный HOCHLAND сливочный 60%, без змж, 220г;169.99 ₽;https://lenta.com/product/346737-syr-tvorozhnyjj-slivochnyjj-60-bez-zmzh-rossiya-220g/
Сыры;Сыр ЛИПИН БОР Манчего дель руссо 50%, 12 месяцев, без змж, 180г;414.99 ₽;https://lenta.com/product/693256-syr-manchego-del-russo-12-mesyacev-50-bez-zmzh-rossiya-180g/
Сыры;Сыр ПОЧИНКИ Сливочный 50%, без змж, весовой;279.00 ₽;https://lenta.com/product/672067-syr-slivochnyjj-50-ves-bez-zmzh-rossiya/
Сыры;Сыр твердый ВЕЛИКИЕ ЛУКИ Parmesan от 3 месяца 40%, без змж, весовой;352.50 ₽;https://lenta.com/product/690189-syr-tverdyjj-parmesan-ot-3-mes-40-ves-bez-zmzh-rossiya/
Сыры;Сыр творожный ЭКОМИЛК 60%, без змж, 350г;204.99 ₽;https://lenta.com/product/736646-syr-tvorozhnyjj-60-bez-zmzh-rossiya-350g/
Сыры;Сыр СЕЛО ЗЕЛЕНОЕ Тильзитер 50%, без змж, 200г;179.99 ₽;https://lenta.com/product/547713-syr-tilziter-50-laminat-bez-zmzh-rossiya-200g/
Сыры;Сыр ЛЕНТА Гауда 45%, без змж, весовой;272.00 ₽;https://lenta.com/product/469640-syr-gauda-45-ves-bez-zmzh-rossiya/
Сыры;"Сыр твердый ЛИПИН БОР Грюйер Старовологодский 50%, 6 месяцев, без змж, 
180г";379.99 ₽;https://lenta.com/product/564891-syr-gryujjer-starovologodskijj-zrelyjj-6-mesyacev-50-bez-zmzh-rossiya-180g/
Сыры;Сыр ДОЛГОЛЕТИЕ Чечил косичка копченый 45%, без змж, 100г;189.99 ₽;https://lenta.com/product/899473-syr-chechil-kosichka-kopchenyjj-45-bez-zmzh-rossiya-100g/
Сыры;Сыр UNAGRANDE Маскарпоне 80% без лактозы, без змж, 250г;349.99 ₽;https://lenta.com/product/694283-syr-maskarpone-bez-laktozy-80-bez-zmzh-rossiya-250g/
Сыры;Сыр твердый PARMENTE 9 месяцев, колотый 40%, без змж, 180г;334.99 ₽;https://lenta.com/product/627055-syr-kolotyjj-tv-9mes-40-bez-zmzh-rossiya-180g/
Сыры;Сыр творожный УМАЛАТ Рбили с травами 60%, без змж, 130г;99.99 ₽;https://lenta.com/product/749437-syr-tvorozhnyjj-rbili-s-travami-60-bez-zmzh-rossiya-130g/
Сыры;Сыр EXCELSIOR Эмменталь 45%, без змж, весовой;360.00 ₽;https://lenta.com/product/710389-syr-emmental-45-bez-zmzh-ves-rossiya/
Сыры;Сыр SANTABENE Маскарпоне 80%, без змж, 500г;499.99 ₽;https://lenta.com/product/373447-syr-maskarpone-80-bez-zmzh-rossiya-500g/
Сыры;Сыр мягкий MARCO PANATTI Рикотта 45%, без змж, 180г;94.99 ₽;https://lenta.com/product/900440-syr-rikotta-45-bez-zmzh-rossiya-180g/
Сыры;Сыр полутвердый LAPLANDIA ProBio+ с пробиотиком 45%, без змж, 180г;234.99 ₽;https://lenta.com/product/736949-syr-probio-ptv-s-probiotikom-45-bez-zmzh-rossiya-180g/
Сыры;Сыр СЫРНАЯ ДОЛИНА Маасдам 45%, без змж, весовой;333.00 ₽;https://lenta.com/product/550627-syr-maasdam-45-bez-zmzh-ves-rossiya/
Сыры;Сыр ГОРОДЕЦКАЯ СЫРОВАРНЯ Бри 50%, без змж, 100г;189.99 ₽;https://lenta.com/product/609249-syr-bri50-bez-zmzh-rossiya-100g/
Сыры;Сыр мягкий CHEESE VOYAGE Бри с белой плесенью 50–60%, без змж, весовой;354.00 ₽;https://lenta.com/product/640175-syr-bri-myagkijj-s-bel-plesenyu-50-60-bzmzh-ves-rossiya/
Сыры;Сыр БОНДЖОРНО Рикотта с кокосом 30%, без змж, 180г;159.99 ₽;https://lenta.com/product/748832-syr-rikotta-s-kokosom-30-bez-zmzh-rossiya-180g/
Сыры;Сыр ЭКОНИВА ДЮРР Целлер 55%, без змж, весовой;507.00 ₽;https://lenta.com/product/717164-syr-dyurr-celler-55-bez-zmzh-ves-rossiya/
Сыры;Сыр полутвердый DONTALER 45%, без змж, весовой;391.50 ₽;https://lenta.com/product/728727-syr-polutverdyjj-dontaler-45-bez-zmzh-ves-rossiya/
Сыры;Сыр мягкий FLE Камамбер с белой плесенью 50%, без змж, 125г;304.99 ₽;https://lenta.com/product/854764-syr-myagkijj-kamamber-s-belojj-plesenyu-50-bez-zmzh-rossiya-125g/
Сыры;Сыр MOLODO BALANCE Сулугуни 40%, без змж, 300г;279.99 ₽;https://lenta.com/product/716575-syr-suluguni-40-bez-zmzh-rossiya-300g/
Сыры;Сыр мягкий ГОРОДЕНЪ Сливочный 55%, без змж, 1,1кг;649.99 ₽;https://lenta.com/product/721174-syr-myagkijj-slivochnyjj-55-bez-zmzh-belarus-11kg/
Сыры;Сыр OLDENBURGER протеиновый 30%, без змж, 150г;239.99 ₽;https://lenta.com/product/770178-syr-proteinovyjj-30-bez-zmzh-rossiya-150g/
Сыры;Сыр ТЫСЯЧА ОЗЕР Домашний 45%, нарезка, без змж, 125г;149.99 ₽;https://lenta.com/product/897945-syr-domashnijj-45-bez-zmzh-rossiya-125g/
Сыры;Сыр ЛАМБЕР 50%, без змж, 230г;319.99 ₽;https://lenta.com/product/299121-syr-500-bez-zmzh-rossiya-230g/
Сыры;Сыр GALBANI Буррата со вкусом Песто 50%, без змж, масса сыра 200г, 500г;399.99 ₽;https://lenta.com/product/667726-syr-burrata-so-vkusom-pesto-50-massa-syra-200g-bez-zmzh-rossiya-500g/
Сыры;Кремчиз на растительной основе SOLIO с авокадо и грецким орехом 20%, 140г;159.99 ₽;https://lenta.com/product/586549-krem-na-rastitelnojj-osnove-s-avokado-i-greckim-orehom-20-rossiya-140g/
Сыры;Сыр мягкий RUBTSOV & CO Блю Крема с голубой плесенью 70%, без змж, 90г;269.99 ₽;https://lenta.com/product/697313-syr-myagkijj-s-golubojj-plesenyu-blyu-krema-70-bez-zmzh-rossiya-90g/
Сыры;Сыр плавленый ВЫБОР СЕМЬИ 45%, без змж, 180г;99.99 ₽;https://lenta.com/product/713210-syr-plavlenyjj45-vannochka-bez-zmzh-rossiya-180g/
Сыры;Сыр SVEZA Моцарелла мини 45%, без змж, масса сыра 100г, 250г;99.99 ₽;https://lenta.com/product/692879-syr-mocarella-mini-45-bez-zmzh-belarus-250g/
Сыры;Сыр ЛИПИН БОР Грюйер молодой 50%, 3 месяца, 180г;274.99 ₽;https://lenta.com/product/694176-syr-gryujjer-mol-3mes-50-rossiya-180g/
Сыры;Крем-сыр ITALIAN SNACK Пармезан с миндалем и хлебными палочками, без змж, 50г;85.99 ₽;https://lenta.com/product/733370-krem-syr-parmezan-s-mindalem-i-hlebnymi-palochkami-bez-zmzh-rossiya-50g/
Сыры;Сыр GRAN RISERVA Пармезан 40%, 18 месяцев, без змж, 180г;439.99 ₽;https://lenta.com/product/588214-syr-parmezan-18-mes-40-bez-zmzh-rossiya-180g/
Сыры;Сыр МЗ ГИАГИНСКИЙ Спагетти 40%, без змж, 80г;139.99 ₽;https://lenta.com/product/564539-syr-spagetti-40-bez-zmzh-rossiya-80g/
Сыры;Сыр плавленый СЫРОБОГАТОВ Альпийское утро 45%, без змж, 400г;229.99 ₽;https://lenta.com/product/719614-syr-plavlenyjj-alpijjskoe-utro-45-bez-zmzh-rossiya-400g/
Сыры;Сыр мягкий SCHONFELD Camembert Gourmet с белой плесенью 55%, без змж, 125г;264.99 ₽;https://lenta.com/product/882396-syr-myagkijj-s-belojj-plesenyu-camembert-gourmet-55-bez-zmzh-rossiya-125g/
Сыры;Сыр плавленый ВЫБОР СЕМЬИ с луком 40%, без змж, 70г;36.99 ₽;https://lenta.com/product/714374-syr-plavlenyjj-s-lukom-40-blochok-bez-zmzh-2140-rossiya-70g/
Сыры;Сыр РАДОСТЬ ВКУСА Большой куш 20%, без змж, 180г;149.99 ₽;https://lenta.com/product/713329-syr-bolshojj-kush-20-bez-zmzh-rossiya-180g/
Сыры;Сыр мягкий UNAGRANDE Creamcheese Сливочный 70%, без змж, 200г;224.99 ₽;https://lenta.com/product/588408-syr-creamcheese-kremchiz-myagkijj-slivochnyjj-70-bez-zmzh-rossiya-200g/
Сыры;Сыр мягкий НЕНАШЕВО Камамбер с петрушкой и чесноком 55%, без змж, весовой;249.00 ₽;https://lenta.com/product/703195-syr-myagkijj-kamamber-s-petrushkojj-i-chesnokom-55-bez-zmzh-ves-rossiya/
Сыры;Сыр плавленый СЫРОБОГАТОВ с ветчиной 50%, без змж, 80г;47.99 ₽;https://lenta.com/product/359129-syr-plavlenyjj-s-vetchinojj-50-bez-zmzh-rossiya-80g/
Сыры;Сыр плавленый PRESIDENT My Cheese Чеддер, для закусок 51%, без змж, 125г;129.99 ₽;https://lenta.com/product/769159-syr-plavlenyjj-dlya-zakusok-chedder-my-cheese-51-bez-zmzh-rossiya-125g/
Сыры;Сыр КИПРИНО Алтареджио Пармезан 9 месяцев 45%, тертый, без змж, 80г;249.99 ₽;https://lenta.com/product/883685-syr-altaredzhio-parmezan-9-mes-45-tertyjj-bez-zmzh-rossiya-80g/
Сыры;Сыр УМАЛАТ Четук 45%, без змж, 280г;329.99 ₽;https://lenta.com/product/737723-syr-chetuk-45-bez-zmzh-rossiya-280g/
Сыры;Сыр ТЫСЯЧА ОЗЕР Сливочный 50%, без змж, 180г;269.99 ₽;https://lenta.com/product/818601-syr-slivochnyjj-50-bez-zmzh-rossiya-180g/
Сыры;Сыр полутвердый БРЕСТ-ЛИТОВСК Маасдам 45%, без змж, 200г;189.99 ₽;https://lenta.com/product/562572-syr-ptv-maasdam-45-bez-zmzh-belarus-200g/
Сыры;Сыр полутвердый БРЕСТ-ЛИТОВСК Сливочный 50%, нарезка, без змж, 130г;159.99 ₽;https://lenta.com/product/743795-syr-polutverdyjj-slivochnyjj-50-bez-zmzh-belarus-130g/
Сыры;Сыр творожный HOCHLAND Almette с зеленью 60%, без змж, 150г;119.99 ₽;https://lenta.com/product/6372-syr-almette-tvorozhnyjj-s-zelenyu-60-bez-zmzh-rossiya-150g/
Сыры;Сыр творожный HOCHLAND Almette сливочный 60%, без змж, 150г;119.99 ₽;https://lenta.com/product/6371-syr-almette-tvorozhnyjj-slivochnyjj-60-bez-zmzh-rossiya-150g/
Сыры;Сыр творожный SVEZA Сливочный 60%, без змж, 150г;99.99 ₽;https://lenta.com/product/692843-syr-tvorozhnyjj-slivochnyjj-60--bez-zmzh-belarus-150g/
Сыры;Сыр полутвердый РАДОСТЬ ВКУСА Топленое молочко 40%, нарезка, без змж, 125г;149.99 ₽;https://lenta.com/product/750407-syr-polutverdyjj-toplenoe-molochko-40-bez-zmzh-rossiya-125g/
Сыры;Сыр творожный УМАЛАТ Рбили с хреном и чесноком 60%, без змж, 130г;99.99 ₽;https://lenta.com/product/738698-syr-tvorozhnyjj-rbili-s-hrenom-i-chesnokom-60-bez-zmzh-rossiya-130g/
Сыры;Сыр ЛЕНТА для пиццы и макарон, тертый 45%, без змж, 300г;244.99 ₽;https://lenta.com/product/742176-syr-dlya-piccy-i-makaron-tertyjj-45-fp-bez-zmzh-rossiya-300g/
Сыры;Сыр рассольный SLIIIVKI Спагетти с аджикой 40%, без змж, 100г;154.99 ₽;https://lenta.com/product/736588-syr-rassolnyjj-spagetti-s-adzhikojj-bez-zmzh-rossiya-100g/
Сыры;Сыр СЫРОБОГАТОВ Маасдам 45%, без змж, 180г;199.99 ₽;https://lenta.com/product/719082-syr-maasdam-45-bez-zmzh-rossiya-180g/
Сыры;Сыр мягкий PRETTO Рикотта 45%, без змж, 200г;94.99 ₽;https://lenta.com/product/455088-syr-rikotta-myagkijj-45-bez-zmzh-rossiya-200g/
Сыры;Сыр СЕЛО ЗЕЛЕНОЕ Премиум Гауда 40%, нарезка, без змж, 130г;129.99 ₽;https://lenta.com/product/655591-syr-gauda-premium-nar-40-bez-zmzh-rossiya-130g/
Сыры;Сыр ЗОЛОТО ЕВРОПЫ Манчего 50%, 3 месяца, нарезка, без змж, 175г;349.99 ₽;https://lenta.com/product/898244-syr-manchego-3-mes-v-narezke-50bez-zmzh-rossiya-175g/
Сыры;Сыр MLEKARA SABAC Сербская Брынза 40%, без змж, 230г;159.99 ₽;https://lenta.com/product/735004-syr-serbskaya-brynza-40-bez-zmzh-serbiya-230g/
Сыры;Сыр ДОЛГОЛЕТИЕ Чечил Ассорти №3, классический-копченый-с укропом 45%, без змж, 150г;229.99 ₽;https://lenta.com/product/900140-syr-chechil-dolgoletie-ass-n3-klassichkopchs-ukrop-45-bez-zmzh-rossiya-150g/
Сыры;Продукт плавленый с сыром Салатный 40%, с змж, 70г;16.99 ₽;https://lenta.com/product/685157-produkt-plavlenyjj-s-syrom-salatnyjj-40-s-zmzh-rossiya-70g/
Сыры;Сыр КИПРИНО Российский 50%, без змж, весовой;285.00 ₽;https://lenta.com/product/131440-syr-rossijjskijj-50-ves-bez-zmzh-rossiya/
Сыры;Сыр ГОРОД СЫРА Гурманский 40%, без змж, 400г;269.99 ₽;https://lenta.com/product/704081-syr-gurmanskijj-40-bez-zmzh-rossiya-400g/
Сыры;Сыр LAIME Пармезан 40% колотый, без змж, весовой;600.00 ₽;https://lenta.com/product/603719-syr-parmezan-kolotyjj-40-bez-zmzh-ves-rossiya/
Сыры;Сыр ДОЛИНА ЛЕГЕНД Крымчанин с инжиром 50%, без змж, 130г;209.99 ₽;https://lenta.com/product/722700-syr-krymchanin-s-inzhirom-50-bez-zmzh-rossiya-130g/
Сыры;Сыр твердый ENDORF Monamont 50%, без змж, 200г;354.99 ₽;https://lenta.com/product/609164-syr-monamont-tv-50-bez-zmzh-rossiya-200g/
Сыры;Сыр полутвердый КИПРИНО Молочный 50%, без змж, весовой;285.00 ₽;https://lenta.com/product/896377-syr-ptv-molochnyjj-50-bez-zmzh-ves-rossiya/
Сыры;Сыр BONVIDA Для пиццы Моцарелла, без змж, 400г;279.99 ₽;https://lenta.com/product/528571-syr-mocarella-bez-zmzh-rossiya-400g/
Сыры;Сыр LAIME Грюйер 49%, 150г;744.99 ₽;https://lenta.com/product/718115-syr-gryujjer-49-150g-shvejjcariya-150g/
Сыры;Сыр СЫРОБОГАТОВ Гауда 45%, без змж, 180г;164.99 ₽;https://lenta.com/product/679865-syr-gauda-45-bez-zmzh-rossiya-180g/
Сыры;Сыр творожный КАРАТ Виоллета Light сливочный 60%, без змж, 160г;124.99 ₽;https://lenta.com/product/658754-syr-tvorozhnyjj-violleta-slivochnyjj-light-60-bez-zmzh-rossiya-160g/
Сыры;Сыр DENMAX Сулугуни 40%, без змж, 300г;199.99 ₽;https://lenta.com/product/453752-syr-suluguni-40-bez-zmzh-rossiya-300g/
Сыры;Сыр мягкий PRETTO Маскарпоне 80%, без змж, 500г;559.99 ₽;https://lenta.com/product/391749-syr-maskarpone-myagkijj-80-bez-zmzh-rossiya-500g/
Сыры;Сыр GALBANI Моцарелла Мини 45%, без змж, 285г;169.99 ₽;https://lenta.com/product/303911-syr-mocarella-mini-45-bez-zmzh-rossiya-285g/
Сыры;Сыр МИР ВКУСА Эмменталь 45%, без змж;480.00 ₽;https://lenta.com/product/792770-syr-emmental-45-bez-zmzh-ves-belarus/
Сыры;Сыр DANKE Пармезан 40%, без змж, 180г;259.99 ₽;https://lenta.com/product/701202-syr-parmezan-40-bez-zmzh-belarus-180g/
Сыры;Сыр полутвердый HOCHLAND Grunlander 50%, без змж, 400г;399.00 ₽;https://lenta.com/product/558320-syr-grunlander-ptv-bez-zmzh-rossiya-400g/
Сыры;Сыр БЕЛЕБЕЕВСКИЙ Российский 50%, без змж, 190г;179.99 ₽;https://lenta.com/product/556200-syr-rossijjskijj-50-bez-zmzh-rossiya-190g/
Сыры;Сыр PRESIDENT Camembert с белой плесенью 45%, без змж, 125г;229.99 ₽;https://lenta.com/product/502824-syr-s-belojj-plesenyu-kamamber-45-bez-zmzh-rossiya-125g/
Сыры;Сыр МИР ВКУСА Пармезан 40%, без змж, весовой;214.00 ₽;https://lenta.com/product/584029-syr-parmezan-40-bez-zmzh-ves-belarus/
Сыры;Сыр мягкий СЕЛО ЗЕЛЕНОЕ Фермерский завтрак 45%, без змж, 250г;199.99 ₽;https://lenta.com/product/558617-syr-myagkijj-fermerskijj-zavtrak-45-bez-zmzh-rossiya-250g/
Сыры;Сыр DOLCE Granto Пармезан 40%, нарезка, без змж, 175г;304.99 ₽;https://lenta.com/product/898243-syr-granto-parmezan-40-v-narezke-bez-zmzh-rossiya-175g/
Сыры;Сыр полутвердый GENIFIT 25%, без змж, 180г;159.99 ₽;https://lenta.com/product/900367-syr-ptv-25-fasovannyjj-bez-zmzh-rossiya-180g/
Сыры;Сыр мягкий ГОРОДЕЦКАЯ СЫРОВАРНЯ Шропшир с голубой плесенью 55%, без змж, 75г;199.99 ₽;https://lenta.com/product/733348-syr-myagkijj-s-golubojj-plesenyu-shropshir-55-bez-zmzh-rossiya-75g/
Сыры;Сыр ЛЕНТА FRESH Имеретинский 40%, без змж, 300г;299.99 ₽;https://lenta.com/product/746992-syr-imeretinskijj-40-bez-zmzh-rossiya-300g/
Сыры;Сыр полутвердый РАДОСТЬ ВКУСА Маасдам 45%, без змж, весовой;899.99 ₽;https://lenta.com/product/746548-syr-maasdam-ptv-45-bez-zmzh-ves-rossiya/
Сыры;Сыр VITALAT Камамбер 45%, без змж, 100г;189.99 ₽;https://lenta.com/product/492760-syr-kamamber-45-bez-zmzh-rossiya-100g/
Сыры;Сыр плавленый КАРАТ с ветчиной 25%, без змж, 130г;75.99 ₽;https://lenta.com/product/658755-syr-plavlenyjj-s-vetchinojj-25-lomtiki-bez-zmzh-rossiya-130g/
Сыры;Сыр PRETTO Кремчиз Pro 60%, без змж, 900г;799.99 ₽;https://lenta.com/product/750342-syr-kremchiz-pro-60-bez-zmzh-rossiya-900g/
Сыры;Сыр плавленый КАРАТ Дружба 45%, без змж, 90г;68.99 ₽;https://lenta.com/product/79836-syr-plavlenyjj-druzhba-45-bez-zmzh-rossiya-90g/
Сыры;Сыр плавленый СЫРОБОГАТОВ Ассорти Сливочный, грибы, ветчина 50%, без змж, 130г;109.99 ₽;https://lenta.com/product/508880-syr-plavlenyjj-assorti-sliv-griby-vetch-50-krug-bez-zmzh-rossiya-130g/
Сыры;Сыр LAIME Тарелка Ассорти Выбор эксперта №2, без змж, 110г;289.99 ₽;https://lenta.com/product/713660-syr-tarelka-assorti-vybor-eksperta-2-bez-zmzh-rossiya-110g/
Сыры;Сыр СВАЛЯ Тильзитер 45%, нарезка, без змж, 125г;159.99 ₽;https://lenta.com/product/626714-syr-tilziter-45-nar-bez-zmzh-rossiya-125g/
Сыры;Сыр творожный HOCHLAND с маринованными огурцами 60%, без змж, 140г;104.99 ₽;https://lenta.com/product/703373-syr-tvorozhnyjj-s-marinovannymi-ogurcami-60-bez-zmzh-rossiya-140g/
Сыры;Сыр КАРЛОВ ДВОР Parmesan выдержанный 6 месяцев 40%, без змж, 150г;259.99 ₽;https://lenta.com/product/714241-syr-parmesan-vyderzhannyjj-6-mesyacev-40-fas-bez-zmzh-rossiya-150g/
Сыры;Сыр LA PAULINA Чеддер 48%, нарезка, без змж, 150г;204.99 ₽;https://lenta.com/product/540558-syr-chedder-slajjsy-bez-zmzh-argentina-150g/
Сыры;Сырная тарелка ОСОБЫЙ ВЕЧЕР № 1, без змж, 120г;339.99 ₽;https://lenta.com/product/517538-syrnaya-tarelka-osobyjj-vecher-1-bez-zmzh-rossiya-120g/
Сыры;Сыр LAIME Пармезан DIAMOND 40%, без змж, 180г;404.99 ₽;https://lenta.com/product/709964-syr-parmezan-diamond-40-bez-zmzh-rossiya-180g/
Сыры;Сыр плавленый HOCHLAND Фетакса без рассола 45%, без змж, 200г;149.99 ₽;https://lenta.com/product/499611-syr-plavlenyjj-fetaksa-bez-zmzh-rossiya-200g/
Сыры;Продукт пищевой на основе крахмала GREEN IDEA со вкусом сыра Пармезан 26%, 200г;259.99 ₽;https://lenta.com/product/536642-produkt-pishchevojj-na-osnove-krahmala-so-vkusom-syra-parmezan-kusok-rossiya-200g/
Сыры;Сыр полутвердый СЫРОБОГАТОВ Сливочный 45%, без змж, 180г;174.99 ₽;https://lenta.com/product/746955-syr-ptv-slivochnyjj-fas-45-bez-zmzh-rossiya-180g/
Сыры;Сыр полутвердый X-TRA FIT 20%, без змж, 180г;149.99 ₽;https://lenta.com/product/735902-syr-polutverdyjj-20-bez-zmzh-rossiya-180g/
Сыры;Сыр плавленый КАРАТ Янтарь 45%, без змж, 400г;209.99 ₽;https://lenta.com/product/79778-syr-plavlenyjj-yantar-45-vanna-bez-zmzh-rossiya-400g/
Сыры;Кремчиз на растительной основе SOLIO с грибами и розмарином 20%, 140г;159.99 ₽;https://lenta.com/product/586501-krem-na-rastitelnojj-osnove-s-gribami-i-rozmarinom-20-rossiya-140g/
Сыры;Сыр полутвердый КИПРИНО Швейцарский 50%, без змж, весовой;393.00 ₽;https://lenta.com/product/750122-syr-ptv-shvejjcarskijj-50-bez-zmzh-ves-rossiya/
Сыры;Сыр твердый ВЕЛИКИЕ ЛУКИ Parmesan 40%, 3 месяца, без змж, 180г;264.99 ₽;https://lenta.com/product/703602-syr-tverdyjj-parmesan-3mes-40-bez-zmzh-rossiya-180g/
Сыры;Сыр полутвердый TOME DE BUA с черным трюфелем 41%, без змж, 200г;379.99 ₽;https://lenta.com/product/711296-syr-ptv-s-chernym-tryufelem-41-bez-zmzh-rossiya-200g/
Сыры;Сыр полутвердый 45% тертый, без змж, 100г;114.99 ₽;https://lenta.com/product/706840-syr-polutverdyjj-tertyjj-45-bez-zmzh-rossiya-100g/
Сыры;Сыр БЕЛЕБЕЕВСКИЙ 45%, без змж, 190г;169.99 ₽;https://lenta.com/product/556201-syr-45-bez-zmzh-rossiya-190g/
Сыры;Сыр для бутербродов PRETTO Моцарелла 45%, без змж, 200г;199.99 ₽;https://lenta.com/product/460595-syr-mocarella-dlya-buterbrodov-45-bez-zmzh-rossiya-200g/
Сыры;Сыр УМАЛАТ Сулугуни 45%, без змж, 280г;269.99 ₽;https://lenta.com/product/299540-syr-suluguni-45-bez-zmzh-rossiya-280g/
Сыры;Сыр БРЫКИН БОР Ryazano Riserva 50%, без змж, весовой;609.00 ₽;https://lenta.com/product/694639-syr-ryazano-riserva-50-fu-bez-zmzh-ves-rossiya/
Сыры;Сыр творожный HOCHLAND с зеленью 60%, без змж, 220г;169.99 ₽;https://lenta.com/product/346735-syr-tvorozhnyjj-s-zelenyu-60-bez-zmzh-rossiya-220g/
Сыры;Сыр копченый ЛЕНТА FRESH Боккончини 40%, без змж, 100г;139.99 ₽;https://lenta.com/product/726014-syr-bokkonchini-kopchenyjj-40-bez-zmzh-rossiya-100g/
Сыры;Сыр мягкий NATURA SELECTION Бри с белой плесенью 50%, без змж, весовой;300.00 ₽;https://lenta.com/product/769925-syr-myagkijj-s-belojj-plesenyu-bri-50-bez-zmzh-ves-rossiya/
Сыры;Сыр КИПРИНО Швейцарский 50%, без змж, 150г;234.99 ₽;https://lenta.com/product/741953-syr-shvejjcarskijj-50-floupak-bez-zmzh-rossiya-150g/
Сыры;Сыр ЛЕНТА FRESH Сулугуни 40%, без змж, 200г;149.99 ₽;https://lenta.com/product/733959-syr-suluguni-40-bez-zmzh-rossiya-200g/
Сыры;Продукт плавленый с сыром Орбита вкуса 25%, с змж, 70г;17.99 ₽;https://lenta.com/product/685243-produkt-plavlenyjj-orbita-vkusalomtevojj25-s-zmzh-rossiya-70g/
Сыры;Сыр EXCELSIOR Cheddar Red 45%, без змж, весовой;260.00 ₽;https://lenta.com/product/561743-syr-cheddar-red-45-bez-zmzh-ves-rossiya/
Сыры;Сыр ЛАРЕЦ Гойя 40%, без змж, весовой;390.00 ₽;https://lenta.com/product/744023-syr-gojjya-40-bez-zmzh-ves-rossiya/
Сыры;Сыр MILKANA GrandBlu Сливочный с голубой плесенью 56%, без змж, весовой;400.00 ₽;https://lenta.com/product/343588-syr-grandblu-slivochnyjj-s-golub-plesenyu-56-ves-bez-zmzh-rossiya/
Сыры;Сыр ЛЕНТА FRESH Имеретинский с зеленью и паприкой 40%, без змж, 300г;299.99 ₽;https://lenta.com/product/746871-syr-imeretinskijj-s-zelenyu-i-paprikojj-40-bez-zmzh-rossiya-300g/
Сыры;Сыр твердый САРМИЧ Гранд 45%, без змж, весовой;220.00 ₽;https://lenta.com/product/466523-syr-grand-tverdyjj-45-ves-bez-zmzh-rossiya/
Сыры;Сыр ЛЕНТА Пармезан тертый, без змж, 150г;209.99 ₽;https://lenta.com/product/507195-syr-parmezan-tertyjj-bez-zmzh-rossiya-150g/
Сыры;Сыр РАДОСТЬ ВКУСА Топленочка с фенугреком 40%, без змж, весовой;261.00 ₽;https://lenta.com/product/770802-syr-toplenochka-s-fenugrekom-40-bez-zmzh-ves-rossiya/
Сыры;Сыр СЫРОБОГАТОВ Маасдам 45%, без змж, 400г;569.99 ₽;https://lenta.com/product/741768-syr-maasdam-45-bez-zmzh-rossiya-400g/
Сыры;Сыр полутвердый 365 ДНЕЙ Российский 45–50% без змж, весовой;220.00 ₽;https://lenta.com/product/467393-syr-polutverdyjj-rossijjskijj-45-50-bez-zmzh-ves-rossiya/
Сыры;Сыр твердый PALERMO 40%, без змж, 180г;249.99 ₽;https://lenta.com/product/542261-syr-tverdyjj-40-bez-zmzh-rossiya-180g/
Сыры;Сыр мягкий SCHONFELD Brie с белой плесенью 45%, без змж, 125г;239.99 ₽;https://lenta.com/product/882397-syr-myagkijj-s-belojj-plesenyu-brie-45-bez-zmzh-rossiya-125g/
Сыры;Сыр плавленый HOCHLAND сливочный 55%, без змж, 200г;159.99 ₽;https://lenta.com/product/31878-syr-plavlenyjj-slivochnyjj-55-vanna-bez-zmzh-rossiya-200g/
Сыры;Сыр BRIDEL Blue Cheese с голубой плесенью 54%, без змж, 100г;199.99 ₽;https://lenta.com/product/719530-syr-s-golubojj-plesenyu-blue-cheese-54-bez-zmzh-rossiya-100g/
Сыры;Сыр плавленый СЫРОБОГАТОВ Mini с беконом 45%, без змж, 112г;84.99 ₽;https://lenta.com/product/715691-syr-mini-plavlenyjj-s-bekonom-45-slajjsy-bez-zmzh-rossiya-112g/
Сыры;Продукт рассольный COMELLA комбинированный 55%, с змж, 200г;114.99 ₽;https://lenta.com/product/751665-produkt-rassolnyjj-kombinirovannyjj-55-s-zmzh-rossiya-200g/
Сыры;Сыр PREMIUM CLUB с голубой плесенью 50%, без змж, 100г;172.99 ₽;https://lenta.com/product/677458-syr-s-golubojj-plesenyu-50-bez-zmzh-rossiya-100g/
Сыры;Сыр творожный HOCHLAND Овощи-гриль 60%, без змж, 140г;104.99 ₽;https://lenta.com/product/701829-syr-tvorozhnyjjovoshchi-gril-60-bez-zmzh-rossiya-140g/
Сыры;Сыр полутвердый РАДОСТЬ ВКУСА Большой куш 20%, без змж, весовой;180.00 ₽;https://lenta.com/product/686035-syr-bolshojj-kush-ptv-20-ves-bez-zmzh-rossiya/
Сыры;Сыр плавленый HOCHLAND сливочный 55%, без змж, 400г;259.99 ₽;https://lenta.com/product/58202-syr-plavlenyjj-slivochnyjj-55-vanna-bez-zmzh-rossiya-400g/
Сыры;Сыр плавленый ЛЕНТА с ветчиной 50%, без змж, 400г;199.99 ₽;https://lenta.com/product/452329-syr-plavlenyjj-s-vetchinojj-50-vannochka-bez-zmzh-rossiya-400g/
Сыры;Сыр плавленый АЛАНТАЛЬ N70 40%, без змж, весовой;446.99 ₽;https://lenta.com/product/742985-syr-plavlenyjj-n70-40-bez-zmzh-ves-rossiya/
Сыры;Сыр ЛЕНТА FRESH Адыгейский 40%, без змж, 300г;249.99 ₽;https://lenta.com/product/735836-syr-adygejjskijj-bez-zmzh-rossiya-300g/
Сыры;Сыр OLDENBURGER Сливочный 45%, без змж, 350г;314.99 ₽;https://lenta.com/product/715500-syr-slivochnyjj-45-cilindr-bez-zmzh-rossiya-350g/
Сыры;Сыр плавленый ЛЕНТА Чеддер 45%, тертый, без змж, 150г;149.99 ₽;https://lenta.com/product/769262-syr-chedder-plavlenyjj-45-tertyjj-bez-zmzh-rossiya-150g/
Сыры;Продукт пищевой на основе крахмала GREEN IDEA со вкусом сыра Моцарелла 24%, 200г;194.99 ₽;https://lenta.com/product/536641-produkt-pishchevojj-na-osnove-krahmala-so-vkusom-syra-mocarella-kusok-rossiya-200g/
Сыры;Сыр мягкий VITALAT Бри с белой плесенью 60%, без змж, 100г;159.99 ₽;https://lenta.com/product/628367-syr-bri-s-belojj-plesenyu-60-bez-zmzh-rossiya-100g/
Сыры;Сыр РАДОСТЬ ВКУСА Легкий 35%, нарезка, без змж, 125г;134.99 ₽;https://lenta.com/product/587575-syr-legkijj-35-bez-zmzh-slajjsy-rossiya-125g/
Сыры;Сыр творожный PRESIDENT Сливочный, без змж, 140г;99.99 ₽;https://lenta.com/product/691562-syr-tvorozhnyjj-slivochnyjj-bez-zmzh-rossiya-140g/
Сыры;Сыр ЛЕНТА PREMIUM/PREMIUM CLUB Пармезан 45%, без змж, весовой;359.70 ₽;https://lenta.com/product/539587-syr-parmezan-45-bez-zmzh-ves-rossiya/
Сыры;Сыр NATURA Моцарелла мини 45%, 90г;109.99 ₽;https://lenta.com/product/720095-syr-mocarella-mini-45-fp-rossiya-220g/
Сыры;Сыр NATURA SELECTION Danablu с голубой плесенью 50%, весовой;280.00 ₽;https://lenta.com/product/769409-syr-s-golubojj-plesenyu-danablu-50-ves-rossiya/
Сыры;Сыр полутвердый ЛЕНТА Сливочный 45% шар, без змж, весовой;240.00 ₽;https://lenta.com/product/721637-syr-slivochnyjj-ptv-45-shar-bez-zmzh-ves-rossiya/
Сыры;Сыр творожный КАРАТ Violette с зеленью 70%, без змж, 140г;99.99 ₽;https://lenta.com/product/135675-syr-tvorozhnyjj-violetta-s-zelenyu-70-bez-zmzh-rossiya-140g/
Сыры;Сыр NATURA SELECTION Бри с белой плесенью с трюфелем 50%, без змж, 100г;219.99 ₽;https://lenta.com/product/726565-syr-bri-s-belojj-plesenyu-s-tryufelem-50-bez-zmzh-rossiya-100g/
Сыры;Сыр MLEKARA SABAC Сербская Брынза Легкая 22% без змж, 250г;149.99 ₽;https://lenta.com/product/735005-syr-serbskaya-brynza-legkaya-22-bez-zmzh-serbiya-250g/
Сыры;Сыр твердый ЭКОНИВА Дюрр Классика Dürr Classic 3 месяца 50%, без змж, весовой;408.00 ₽;https://lenta.com/product/630075-syr-dyurr-3mes-50-bez-zmzh-ves-rossiya/
Сыры;Сыр плавленый копченый ВЕЛИКИЕ ЛУКИ Великолукский 40%, без змж, весовой;607.49 ₽;https://lenta.com/product/700122-syr-velikolukskijj-plavlenyjjkopchenyjj-40ves-bez-zmzh-rossiya/
Сыры;Сыр полутвердый X-TRA FIT 20%, нарезка, без змж, 125г;129.99 ₽;https://lenta.com/product/735903-syr-polutverdyjj-20-bez-zmzh-rossiya-125g/
Сыры;Сыр БЕЛЕБЕЕВСКИЙ Купеческий 52%, без змж, 190г;179.99 ₽;https://lenta.com/product/556175-syr-kupecheskijj-52-bez-zmzh-rossiya-190g/
Сыры;Сыр творожный BONFESTO Кремчиз с наполнителем овощи-гриль 65%, без змж, 140г;129.99 ₽;https://lenta.com/product/742648-syr-tvorozhnyjj-kremchiz-s-napolnitelem-ovoshchi-gril-65-bez-zmzh-belarus-140g/
Сыры;Сыр 365 ДНЕЙ Российский 45%, без змж, 150г;96.99 ₽;https://lenta.com/product/713133-syr-rossijjskijj-45fas-bez-zmzh-rossiya-150g/
Сыры;Сыр творожный HOCHLAND с лесными грибами 60%, без змж, 140г;104.99 ₽;https://lenta.com/product/302860-syr-tvorozhnyjj-s-lesnymi-gribami-60-bez-zmzh-rossiya-140g/
Сыры;Сыр плавленый КАРАТ Сливочный 25%, без змж, 130г;75.99 ₽;https://lenta.com/product/658744-syr-plavlenyjj-slivochnyjj-25-lomtiki-bez-zmzh-rossiya-130g/
Сыры;Сыр BONVIDA Гауда, без змж, в нарезке, 600г;589.99 ₽;https://lenta.com/product/454987-syr-gauda-nar-bez-zmzh-rossiya-600g/
Сыры;Сыр плавленый PRESIDENT Маасдам 45%, без змж, 140г;109.99 ₽;https://lenta.com/product/618183-syr-plavlenyjj-maasdam-45-bez-zmzh-rossiya-140g/
Сыры;Сыр полутвердый СЫРОБОГАТОВ Российский молодой 45%, без змж, 180г;189.99 ₽;https://lenta.com/product/794619-syr-ptv-rossijjskijj-molodojj-45-bez-zmzh-rossiya-180g/
Сыры;Сыр творожный SVEZA Воздушный Сливочный 60%, без змж, 150г;109.99 ₽;https://lenta.com/product/560233-syr-tvorozhnyjj-vozdushnyjj-slivochnyjj-60-stpl-bez-zmzh-belarus-150g/
Сыры;Сыр СЫРОБОГАТОВ Легкий 25%, без змж, весовой;256.50 ₽;https://lenta.com/product/344831-syr-legkijj-25-ves-bez-zmzh-rossiya/
Сыры;Сыр плавленый копченый БРЕСТ-ЛИТОВСК 40%, без змж, 300г;199.99 ₽;https://lenta.com/product/768585-syr-plavlenyjj-kopchenyjj-40-bez-zmzh-belarus-300g/
Сыры;Сыр DORBLU с голубой плесенью 50%, без змж, весовой;588.00 ₽;https://lenta.com/product/702637-syr-s-golubojj-plesenyu-50-bez-zmzh-ves-rossiya/
Сыры;Сыр PREMIUM CLUB с прованскими травами 45%, нарезка, без змж, 125г;159.99 ₽;https://lenta.com/product/725638-syr-slajjsy-s-provanskimi-travami-45-bez-zmzh-rossiya-125g/
Сыры;Тофу ЛЕНТА LIFE Томаты и итальянские травы, без змж, 120г;74.99 ₽;https://lenta.com/product/729149-tofu-tomaty-i-italyanskie-travy-bez-zmzh-rossiya-120g/
Сыры;Сыр творожный VIOLA Сливочный 70% без змж, 220г;169.99 ₽;https://lenta.com/product/864656-syr-tvorozhnyjj-slivochnyjj-70-bez-zmzh-rossiya-220g/
Сыры;Сыр БРЕСТ-ЛИТОВСК Российский 50%, без змж, 200г;199.99 ₽;https://lenta.com/product/635611-syr-rossijjskijj-50-bez-zmzh-belarus-200g/
Сыры;Сыр творожный HOCHLAND Almette легкий 53%, без змж, 150г;104.99 ₽;https://lenta.com/product/606294-syr-almette-tvorozhnyjj-legkijj-53-bez-zmzh-rossiya-150g/
Сыры;Сыр ГОРОДЕЦКАЯ СЫРОВАРНЯ Буррата 60%, без змж, 100г;179.99 ₽;https://lenta.com/product/701996-syr-burrata-60-bez-zmzh-rossiya-100g/
Сыры;Сыр плавленый КАРАТ Карамельный 30%, без змж, 230г;129.99 ₽;https://lenta.com/product/556575-syr-plavlenyjj-karamelnyjj-30-bez-zmzh-rossiya-230g/
Сыры;Сыр ПРЕДГОРЬЕ КАВКАЗА Сулугуни 45%, без змж, 300г;369.99 ₽;https://lenta.com/product/370791-syr-suluguni-45-bez-zmzh-rossiya-300g/
Сыры;Сыр HOCHLAND Фетакса в рассоле 45%, без змж, 250г;179.99 ₽;https://lenta.com/product/534074-syr-myagkijj-v-rassole-fetaksa-bez-zmzh-rossiya-250g/
Сыры;Сыр САРМИЧ Тильзитер 45%, без змж, весовой;225.00 ₽;https://lenta.com/product/609599-syr-tilziter-45-bez-zmzh-ves-rossiya/
Сыры;Сыр ЛЕНТА Манчего вкус овечьего молока выдержанный 3 месяца 45%, без змж;291.00 ₽;https://lenta.com/product/774003-syr-manchego-vkus-ovechego-moloka-vyderzh-3-mes-45-bez-zmzh-ves-rossiya/
Сыры;Сыр полутвердый X-TRA FIT 20%, без змж, весовой;201.00 ₽;https://lenta.com/product/772053-syr-polutverdyjj-20-bez-zmzh-ves-rossiya/
Сыры;Сыр мягкий ГОРОДЕЦКАЯ СЫРОВАРНЯ Блю'z с голубой плесенью 50%, без змж, 75г;184.99 ₽;https://lenta.com/product/733135-syr-myagkijj-s-golubojj-plesenyu-blyuz-50-bez-zmzh-rossiya-75g/
Сыры;Сыр PREMIUM CLUB с лисичками выдержанный 45%, без змж, 180г;249.99 ₽;https://lenta.com/product/746147-syr-vyderzhannyjj-s-lisichkami-45-bez-zmzh-rossiya-180g/
Сыры;Сыр СЕЛО ЗЕЛЕНОЕ Премиум Гауда 40%, без змж, 200г;179.99 ₽;https://lenta.com/product/539615-syr-gauda-premium-40-bez-zmzh-rossiya-200g/
Сыры;Сыр ЗОЛОТО ЕВРОПЫ Маасдам 45%, без змж, 180г;189.99 ₽;https://lenta.com/product/717348-syr-maasdam-45-bez-zmzh-rossiya-180g/
Сыры;Сыр плавленый СЫРОБОГАТОВ с мясом барбекю 45%, без змж, 400г;229.99 ₽;https://lenta.com/product/719757-syr-plavlenyjj-s-myasom-barbekyu-45-bez-zmzh-rossiya-400g/
Сыры;Сыр полутвердый GENIFIT 25%, без змж, 125г;139.99 ₽;https://lenta.com/product/900368-syr-ptv-25-fasovannyjj-bez-zmzh-rossiya-125g/
Сыры;Сыр плавленый HOCHLAND со швейцарским сыром 50%, без змж, 400г;279.99 ₽;https://lenta.com/product/388029-syr-plavlenyjj-so-shvejjcarskim-syrom-50-bez-zmzh-rossiya-400g/
Сыры;Сыр копченый ЛЕНТА Косичка, без змж, 100г;139.99 ₽;https://lenta.com/product/455002-syr-kopchenyjj-kosichka-bez-zmzh-rossiya-100g/
Сыры;Сыр твердый RICREM Пармезан 42%, без змж, 180г;274.99 ₽;https://lenta.com/product/749300-syr-tverdyjj-parmezan-42-bez-zmzh-argentina-180g/
Сыры;Сыр ЕГОРЛЫК МОЛОКО Камамбер Классический 50%, без змж, 125г;214.99 ₽;https://lenta.com/product/478145-syr-kamamber-klassicheskijj-bez-zmzh-rossiya-125g/
Сыры;Сыр ЛЕНТА FRESH Скаморца 40%, без змж, 100г;139.99 ₽;https://lenta.com/product/726231-syr-skamorca-40-bez-zmzh-rossiya-100g/
Сыры;Сыр ГОРОДЕЦКАЯ СЫРОВАРНЯ Горгонзола с голубой плесенью 50%, без змж,  150г;299.99 ₽;https://lenta.com/product/609248-syr-gorgonzola-s-golubojj-plesenyu-50-bez-zmzh-rossiya-150g/
Сыры;Сыр плавленый ЛЕНТА Сливочный 50%, без змж, 200г;99.99 ₽;https://lenta.com/product/473855-syr-plavlenyjj-slivochnyjj-50-vannochka-bez-zmzh-rossiya-200g/
Сыры;Сыр из козьего молока ГОРОДЕЦКАЯ СЫРОВАРНЯ Камамбер с белой плесенью 55%, без змж, 125г;289.99 ₽;https://lenta.com/product/700188-syr-kamamber-s-belojj-plesenyu-iz-kozego-moloka-bez-zmzh-rossiya-125g/
Сыры;Сыр плавленый копченый ЛЕНТА Колбасный, без змж, 300г;164.99 ₽;https://lenta.com/product/454985-syr-plavlenyjj-kolbasnyjj-kopchenyjj-bez-zmzh-rossiya-300g/
Сыры;Сыр полутвердый РАДОСТЬ ВКУСА Российский классический 40%, нарезка, без змж, 125г;149.99 ₽;https://lenta.com/product/750404-syr-polutverdyjj-rossijjskijj-klassicheskijj-40-bez-zmzh-rossiya-125g/
Сыры;Сыр БОНДЖОРНО Рикотта с манго и маракуйей 30%, без змж, 180г;129.99 ₽;https://lenta.com/product/748833-syr-rikotta-s-mango-i-marakujjejj-30-bez-zmzh-rossiya-180g/
Сыры;Сыр тертый DOLCE Пармезан 40%, без змж, 150г;254.99 ₽;https://lenta.com/product/293143-syr-parmezan-40-tertyjj-bez-zmzh-rossiya-150g/
Сыры;Сыр СЕЛО ЗЕЛЕНОЕ Российский 50%, без змж, 200г;179.99 ₽;https://lenta.com/product/580079-syr-rossijjskijj-50-fas-bez-zmzh-rossiya-200g/
Сыры;Сыр СЫРОБОГАТОВ Российский 50%, без змж, нарезка, 125г;149.99 ₽;https://lenta.com/product/528595-syr-rossijjskijj-50-narezka-bez-zmzh-rossiya-125g/
Сыры;Сыр твердый LAVKALAVKA Белпер Томат 45%, без змж, 65г;169.99 ₽;https://lenta.com/product/722841-syr-tverdyjj-belper-tomat-45-bez-zmzh-rossiya-65g/
Сыры;Сыр рассольный УГЛЕЧЕ ПОЛЕ Брынза с итальянскими травами 45%, без змж, 200г;194.99 ₽;https://lenta.com/product/720190-syr-rassolnyjj-brynza-s-italyanskimi-travami45-beh-zmzh-rossiya-200g/
Сыры;Сыр 365 ДНЕЙ Голландский 45%, без змж, весовой;192.00 ₽;https://lenta.com/product/467391-syr-gollandskijj-45-bez-zmzh-ves-rossiya/
Сыры;Сыр плавленый КАРАТ с ветчиной 45%, без змж, 400г;189.99 ₽;https://lenta.com/product/627418-syr-plavlenyjj-s-vetchinojj-45-vanna-bez-zmzh-rossiya-400g/
Сыры;Сыр GrandBlu Сливочный с голубой плесенью 56%, без змж, 100г;214.99 ₽;https://lenta.com/product/350689-syr-grandblu-slivochnyjj-s-golubojj-plesenyu-56-bez-zmzh-rossiya-100g/
Сыры;Сыр творожный КАРАТ Violette Сливочный 70%, без змж, 140г;99.99 ₽;https://lenta.com/product/135673-syr-tvorozhnyjj-violetta-slivochnyjj-70-bez-zmzh-rossiya-140g/
Сыры;Сыр БЕЛЕБЕЕВСКИЙ Монбри сливочный 50%, без змж, 125г;219.99 ₽;https://lenta.com/product/792795-syr-monbri-slivochnyjj-50-bez-zmzh-rossiya-125g/
Сыры;Сыр плавленый PRESIDENT Чизбургер 40%, без змж, 150г;104.99 ₽;https://lenta.com/product/610440-syr-plavlenyjj-lomtevojj-chizburger-40-bez-zmzh-rossiya-150g/
Сыры;Сыр плавленый PRESIDENT My Cheese Паприка, для закусок 51%, без змж, 125г;129.99 ₽;https://lenta.com/product/769160-syr-plavlenyjj-dlya-zakusok-paprika-my-cheese-bez-zmzh-rossiya-125g/
Сыры;Сыр творожный УМАЛАТ Рбили со сванской солью 60%, без змж, 130г;99.99 ₽;https://lenta.com/product/749436-syr-rbili-so-svanskojj-solyu-60-bez-zmzh-rossiya-130g/
Сыры;Сыр полутвердый БРЕСТ-ЛИТОВСК Гауда 45%, без змж, 200г;179.99 ₽;https://lenta.com/product/741766-syr-polutverdyjj-gauda-45-bez-zmzh-belarus-200g/
Сыры;Сыр твердый PREMIUM CLUB Реджанито 40%, без змж, 200г;304.99 ₽;https://lenta.com/product/683202-syr-tverdyjj-redzhanito-40-bez-zmzh-rossiya-200g/
Сыры;Сыр плавленый PRESIDENT Creme de bleu 50%, без змж, 125г;159.99 ₽;https://lenta.com/product/510347-syr-creme-de-bleu-50-bez-zmzh-rossiya-125g/
Сыры;Сыр полутвердый БРЕСТ-ЛИТОВСК Российский 50%, нарезка, без змж, 130г;139.99 ₽;https://lenta.com/product/856982-syr-ptv-rossijjskijj-50-bez-zmzh-belarus-130g/
Сыры;Сыр мягкий MARCO PANATTI Страчателла 40%, без змж, 200г;279.99 ₽;https://lenta.com/product/900491-syr-myagkijj-strachatella-40-bez-zmzh-rossiya-200g/
Сыры;Сыр БРЫКИН БОР Ryazano Fresco 50%, без змж, весовой;520.50 ₽;https://lenta.com/product/694638-syr-ryazano-fresco-50-vu-bez-zmzh-ves-rossiya/
Сыры;Сыр мягкий ГОРОДЕЦКАЯ СЫРОВАРНЯ Страчателла, без змж, 200г;334.99 ₽;https://lenta.com/product/714458-syr-myagkijj-strachatella-bez-zmzh-rossiya-200g/
Сыры;Сыр OLDENBURGER песто зеленый 45%, без змж, весовой;298.50 ₽;https://lenta.com/product/715515-syr-pesto-zelenyjj-45-kuskovojj-bez-zmzh-ves-rossiya/
Сыры;Сыр EXCELSIOR Пармезан 45%, без змж, весовой;376.50 ₽;https://lenta.com/product/734347-syr-parmezan-45-bez-zmzh-ves-rossiya/
Сыры;Сыр плавленый HOCHLAND с ветчиной 55%, без змж, 200г;159.99 ₽;https://lenta.com/product/107174-syr-plavlenyjj-s-vetchinojj-55-vanna-bez-zmzh-rossiya-200g/
Сыры;Сыр плавленый GALBANI Mozzarella 45%, ломтевой, без змж, 150г;144.99 ₽;https://lenta.com/product/619261-syr-plavlenyjj-mozzarella-lomtevojj-45-bez-zmzh-rossiya-150g/
Сыры;Сыр полутвердый ВЫБОР СЕМЬИ Эдам 45%, без змж, весовой;210.00 ₽;https://lenta.com/product/714344-syr-ptv-edam-45-bez-zmzh-ves-rossiya/
Сыры;Сыр HOCHLAND Брынза в рассоле 45%, без змж, 250г;179.99 ₽;https://lenta.com/product/734665-syr-brynza-v-rassole-45-bez-zmzh-rossiya-250g/
Сыры;Сыр ЛЕНТА Сливочный 50%, без змж, 180г;169.99 ₽;https://lenta.com/product/712635-syr-slivochnyjj-kusok-50-bez-zmzh-rossiya-180g/
Сыры;Сыр NATURA SELECTION Камамбер с белой плесенью 50%, без змж, 125г;239.99 ₽;https://lenta.com/product/670890-syr-kamamber-s-belojj-plesenyu-50-bez-zmzh-rossiya-125g/
Сыры;Сыр плавленый СЫРОБОГАТОВ Мясное ассорти 50%, без змж, 130г;109.99 ₽;https://lenta.com/product/719695-syr-plavlenyjj-myasnoe-assorti-50-bez-zmzh-rossiya-130g/
Сыры;Сыр плавленый PREMIUM CLUB с салями 35%, без змж, 400г;239.99 ₽;https://lenta.com/product/698204-syr-plavlenyjj-s-salyami-35-bez-zmzh-rossiya-400g/
Сыры;Сыр из козьего молока EXCELSIOR Chevre 50%, без змж, весовой;630.00 ₽;https://lenta.com/product/700306-syr-chevre-iz-kozego-moloka-50-bez-zmzh-ves-rossiya/
Сыры;Сыр мягкий BONFESTO Рикотта 25%, без змж, 220г;129.99 ₽;https://lenta.com/product/901514-syr-myagkijj-rikotta-25-bez-zmzh-belarus-220g/
Сыры;Сыр полутвердый HOCHLAND Баварский 45%, без змж, 180г;189.99 ₽;https://lenta.com/product/745410-syr-bavarskijj-ptv-45-bez-zmzh-rossiya-180g/
Сыры;Сыр ГОРОДЕЦКАЯ СЫРОВАРНЯ Бри с двойными сливками 65%, без змж, 125г;229.99 ₽;https://lenta.com/product/698412-syr-bri-s-dvojjnymi-slivkami-65-bez-zmzh-rossiya-125g/
Сыры;Сыр UNAGRANDE Моцарелла Для сэндвичей 45%, без змж, 280г;319.99 ₽;https://lenta.com/product/535936-syr-mocarella-dlya-sendvichejj-45-bez-zmzh-rossiya-280g/
Сыры;Сыр плавленый ЛЕНТА Мясное ассорти 50%, без змж, 130г;94.99 ₽;https://lenta.com/product/521413-syr-plavlenyjj-myasnoe-assorti-50-treugolniki-bez-zmzh-rossiya-130g/
Сыры;Сыр плавленый ВЫБОР СЕМЬИ Голландский 40%, без змж, 70г;34.99 ₽;https://lenta.com/product/714463-syr-plavlenyjj-gollandskijj-40-blochok-bez-zmzh-2139-rossiya-70-g/
Сыры;Сыр творожный PRESIDENT с травами, без змж, 140г;109.99 ₽;https://lenta.com/product/691561-syr-tvorozhnyjj-s-travami-bez-zmzh-rossiya-140g/
Сыры;Сыр полутвердый копченый BONFESTO Моцарелла 40%, без змж, весовой;611.99 ₽;https://lenta.com/product/750161-syr-ptv-mocarella-kopchenyjj-40-bez-zmzh-ves-belarus/
Сыры;Сыр плавленый копченый АЛАНТАЛЬ N73 с грибами 40%, без змж, 240г;194.99 ₽;https://lenta.com/product/742874-syr-plavlenyjj-kopchenyjj-s-gribami-n73-40-bez-zmzh-rossiya-240g/
Сыры;Сыр РАДОСТЬ ВКУСА Большой куш 20%, без змж, 350г;299.99 ₽;https://lenta.com/product/713147-syr-bolshojj-kush-20-bez-zmzh-rossiya-350g/
Сыры;Сыр ВЫБОР СЕМЬИ Эдам 45%, нарезка, без змж, 300г;289.99 ₽;https://lenta.com/product/713152-syr-edam-45-narezka-bez-zmzh-rossiya-300g/
Сыры;Сыр САРМИЧ Сливочный 50%, без змж, весовой;225.00 ₽;https://lenta.com/product/627620-syr-slivochnyjj-50-bez-zmzh-ves-rossiya/
Сыры;Сыр творожный CREAM NUVO Professional 65%, без змж, 380г;209.99 ₽;https://lenta.com/product/715679-syrtvorozhnyjj-professional-65-bez-zmzh-belarus-380g/
Сыры;Сыр твердый EXCELSIOR Chevre из козьего молока 50%, без змж, весовой;957.00 ₽;https://lenta.com/product/768870-syr-tverdyjj-chevre-iz-kozego-moloka-50-polovinka-bez-zmzh-ves-rossiya/
Сыры;Сыр ПОЧИНКИ Волжский 45%, без змж, весовой;264.00 ₽;https://lenta.com/product/672258-syr-volzhskijj-45-ves-bez-zmzh-rossiya/
Сыры;Сыр плавленый ЛЬВИНОЕ СЕРДЦЕ 35%, без змж, 90г;55.99 ₽;https://lenta.com/product/721128-syr-plavlenyjj-35-bez-zmzh-rossiya-90g/
Сыры;Сыр плавленый PRESIDENT с ветчиной 45%, без змж, 400г;219.99 ₽;https://lenta.com/product/66271-syr-plavlenyjj-s-vetchinojj-45-bez-zmzh-rossiya-400g/
Сыры;Сыр УГЛЕЧЕ ПОЛЕ Пошехонский 45%, без змж, 200г;199.99 ₽;https://lenta.com/product/720189-syr-poshehonskijj-45-bez-zmzh-rossiya-200g/
Сыры;Сыр РАДОСТЬ ВКУСА Маасдам Gold 45%, без змж, 180г;189.99 ₽;https://lenta.com/product/710010-syr-maasdam-gold-45-bez-zmzh-rossiya-180g/
Сыры;Сыр NATURA Сливочный 45%, без змж, 250г;259.99 ₽;https://lenta.com/product/735901-syr-slivochnyjj-45-cilindr-bez-zmzh-rossiya-250g/
Сыры;Сыр КОРОЛЬ СЕВЕРА 45%, без змж, весовой;391.50 ₽;https://lenta.com/product/641205-syr-45-krug-bez-zmzh-ves-rossiya/
Сыры;Сыр полутвердый HOCHLAND Grunlander Легкий 35%, без змж, 400г;399.00 ₽;https://lenta.com/product/692322-syr-ptv-grunlander-legkijj-35-bez-zmzh-rossiya-400g/
Сыры;Сыр СЫРНАЯ ДИНАСТИЯ Черный принц с аромат топленого молока 50%, без змж, весовой;300.00 ₽;https://lenta.com/product/604316-syr-chernyjj-princ-s-aromat-toplenogo-moloka-50-bez-zmzh-ves-belarus/
Сыры;Сыр плавленый ЛЕНТА Сливочный 50%, без змж, 400г;199.99 ₽;https://lenta.com/product/452330-syr-plavlenyjj-slivochnyjj-50-vannochka-bez-zmzh-rossiya-400g/
Сыры;Сыр мягкий ЛЕНТА FRESH Бри с двойными сливками с белой плесенью 60%, без змж, 125г;259.99 ₽;https://lenta.com/product/730495-syr-myagkijj-bri-s-dvojjnymi-slivkami-s-belojj-plesenyu-60-bez-zmzh-rossiya-125g/
Сыры;Сыр LAIME Пармезан 40%, без змж, 140г;314.99 ₽;https://lenta.com/product/698631-syr-parmezan-40-bez-zmzh-rossiya-140g/
Сыры;Сыр 365 ДНЕЙ Пошехонский 45%, без змж, весовой;205.50 ₽;https://lenta.com/product/467392-syr-poshehonskijj-45-bez-zmzh-ves-rossiya/
Сыры;Сыр творожный PRESIDENT Овощи на гриле, без змж, 140г;99.99 ₽;https://lenta.com/product/691549-syr-tvorozhnyjj-ovoshchi-na-grile-bez-zmzh-rossiya-140g/
Сыры;Сыр твердый BURENKA CLUB Пармезан 40%, без змж, 125г;219.99 ₽;https://lenta.com/product/716623-syr-tverdyjj-parmezan-40-bez-zmzh-rossiya-125g/
Сыры;Сыр MONBLU с голубой благородной плесенью 50%, без змж, 100г;179.99 ₽;https://lenta.com/product/618007-syr-s-golubojj-blagorodnojj-plesenyu-50-bez-zmzh-rossiya-100g/
Сыры;Сыр GALBANI Mozzarella Bocconcini 45%, без змж, вес сыра 200г, вес с рассолом 420г;219.99 ₽;https://lenta.com/product/340911-syr-mocarella-bokonchini-45-massa-syra-200g-bez-zmzh-rossiya-420g/
Сыры;Сыр PRESIDENT Чечил белый 35% спагетти, без змж, 100г;179.99 ₽;https://lenta.com/product/346665-syr-chechil-belyjj-35-spagetti-bez-zmzh-rossiya-100g/
Сыры;Сыр ЛЕНТА FRESH Бри 60%, без змж, 125г;199.99 ₽;https://lenta.com/product/675011-syr-bri-60-bez-zmzh-rossiya-125g/
Сыры;Сыр плавленый PRESIDENT Сливочный 45%, без змж, 400г;219.99 ₽;https://lenta.com/product/66270-syr-plavlenyjj-slivochnyjj-45-bez-zmzh-rossiya-400g/
Сыры;Сыр рассольный ЛЕНТА Фетос 45%, без змж, 250г;169.99 ₽;https://lenta.com/product/491110-syr-rassolnyjj-fetos--45-bez-zmzh-belarus-250g/
Сыры;Сыр творожный HOCHLAND с зеленью 60%, без змж, 140г;104.99 ₽;https://lenta.com/product/218461-syr-tvorozhnyjj-s-zelenyu-60-bez-zmzh-rossiya-140g/
Сыры;Сыр САРМИЧ Чеддер 45%, без змж, весовой;313.50 ₽;https://lenta.com/product/627463-syr-chedder-45-bez-zmzh-ves-rossiya/
Сыры;Сыр полутвердый HOCHLAND Грюнландер Баварский 50%, без змж, 400г;459.99 ₽;https://lenta.com/product/792778-syr-ptv-gryunlander-bavarskijj-bez-zmzh-rossiya-400g/
Сыры;Сыр LA PAULINA Гойя 40%, без змж, весовой;565.25 ₽;https://lenta.com/product/507458-syr-gojjya-40-zashchatm-fu-ves-bez-zmzh-argentina/
Сыры;Сыр EXCELSIOR Maasdam 45%, без змж, весовой;464.00 ₽;https://lenta.com/product/541335-syr-maasdam-45-bez-zmzh-ves-rossiya/
Сыры;Сыр плавленый для супа КАРАТ с грибами 45%, без змж, 90г;64.99 ₽;https://lenta.com/product/167318-syr-plavlenyjj-s-gribami-dlya-supa-45-bez-zmzh-rossiya-90g/
Сыры;Сыр протеиновый UNAGRANDE Моцарелла Чильеджина в воде, без лактозы 32%, без змж, 100г;149.99 ₽;https://lenta.com/product/731014-syr-proteinovyjj-mocarella-v-vode-chiledzhina-blakt-32-bez-zmzh-rossiya-180g/
Сыры;Сыр плавленый HOCHLAND с ветчиной 55%, без змж, 400г;259.99 ₽;https://lenta.com/product/31879-syr-plavlenyjj-s-vetchinojj-55-vanna-bez-zmzh-rossiya-400g/
Сыры;Сыр ПРЕДГОРЬЕ КАВКАЗА Адыгейский Легкий 30%, без змж, 300г;269.99 ₽;https://lenta.com/product/510339-syr-adygejjskijj-legkijj-30-bez-zmzh-rossiya-300g/
Сыры;Сыр LA PAULINA Пармезан 45%, без змж, весовой;324.00 ₽;https://lenta.com/product/507147-syr-parmezan-45-fu-za-ves-bez-zmzh-argentina/
Сыры;Сыр творожный HOCHLAND Для кулинарии: для горячих и холодных блюд 65%, без змж, 400г;299.99 ₽;https://lenta.com/product/431241-syr-tvorozhnyjj-dlya-kulinarii-65-bez-zmzh-rossiya-400g/
Сыры;Сыр творожный HOCHLAND сливочный 60%, без змж, 140г;104.99 ₽;https://lenta.com/product/218460-syr-tvorozhnyjj-slivochnyjj-60-bez-zmzh-rossiya-140g/
Сыры;Сыр СЫРОБОГАТОВ Король сыров 40%, без змж, 180г;169.99 ₽;https://lenta.com/product/716299-syr-korol-syrov-40-bez-zmzh-rossiya-180g/
Сыры;Сыр творожный MLEKARA SABAC А ла Каймак 60%, без змж, 150г;119.99 ₽;https://lenta.com/product/735003-syr-tvorozhnyjj-a-la-kajjmak-60-bez-zmzh-serbiya-150g/
Сыры;Сыр рассольный SVEZA Брынза 45%, без змж, 200г;159.99 ₽;https://lenta.com/product/692844-syr-rassolnyjj-brynza-45-bez-zmzh-belarus-200g/
Сыры;Сыр творожный КАРАТ Violette Cream Cheese Сливочный 70%, без змж, 400г;249.99 ₽;https://lenta.com/product/538643-syr-tvorozhnyjj-violetta-slivochnyjj-70-bez-zmzh-rossiya-400g/
Сыры;Сыр рассольный СИРТАКИ Classic Для греческого салата 35%, без змж, 200г;129.99 ₽;https://lenta.com/product/259262-syr-rassolnyjj-dgrecheskogo-salata-classic-35-bez-zmzh-rossiya-200g/
Сыры;Сыр УМАЛАТ Сулугуни 45% палочки, без змж, 120г;149.99 ₽;https://lenta.com/product/533228-syr-suluguni-palochki-45-bez-zmzh-rossiya-120g/
Сыры;Крем-сыр DORBLU A la creme с голубой плесенью 65%, без змж, 80г;169.99 ₽;https://lenta.com/product/506602-krem-syr-a-lya-krem-s-golubojj-plesenyu-65-bez-zmzh-rossiya-80g/
Сыры;Сыр OLDENBURGER песто красный 45%, без змж, весовой;298.50 ₽;https://lenta.com/product/715477-syr-pesto-krasnyjj-45-kuskovojj-bez-zmzh-ves-rossiya/
Сыры;Сыр PRESIDENT Брынза 45%, без змж, 250г;199.99 ₽;https://lenta.com/product/244338-syr-brynza-45-bez-zmzh-serbiya-250g/
Сыры;Сыр СЫРОБОГАТОВ Пармезан 40%, без змж, 180г;214.99 ₽;https://lenta.com/product/741816-syr-parmezan-40-bez-zmzh-rossiya-180g/
Сыры;Сыр плавленый ЛЕНТА С беконом, 45%, без змж, слайсы, 130г;74.99 ₽;https://lenta.com/product/493318-syr-plav--s-bekonom-45-slajjsy-bez-zmzh-rossiya-130g/
Сыры;Сыр плавленый СЫРОБОГАТОВ Mini Маасдам 45%, без змж, 112г;84.99 ₽;https://lenta.com/product/715809-syr-mini-plavlennyjj-maasdam-45-slajjsy-bez-zmzh-rossiya-112g/
Сыры;Сыр плавленый КАРАТ Дружба 45%, без змж, 400г;189.99 ₽;https://lenta.com/product/79838-syr-plavlenyjj-druzhba-45-vanna-bez-zmzh-rossiya-400g/
Сыры;Сыр плавленый СЫРОБОГАТОВ Ассорти сырная тарелка 50%, без змж, 130г;109.99 ₽;https://lenta.com/product/719730-syr-plavlenyjj-assorti-syrnaya-tarelka-50-bez-zmzh-rossiya-130g/
Сыры;Сыр СЕЛО ЗЕЛЕНОЕ Тильзитер 50%, нарезка, без змж, 130г;129.99 ₽;https://lenta.com/product/655581-syr-tilziter-nar-50-bez-zmzh-rossiya-130g/
Сыры;Сыр КИПРИНО Голландский 45%, тертый, без змж, 90г;117.99 ₽;https://lenta.com/product/634419-syr-tertyjj-gollandskijj-porc-45-bez-zmzh-vu-rossiya-90g/
Сыры;Сыр САРМИЧ Эдамер 45%, без змж, весовой;232.50 ₽;https://lenta.com/product/716199-syr-edamer-45-ves-bez-zmzh-rossiya/
Сыры;Сыр творожный HOCHLAND с ветчиной и зеленью 60%, без змж, 140г;104.99 ₽;https://lenta.com/product/302859-syr-tvorozhnyjj-s-vetchinojj-i-zelenyu-60-bez-zmzh-rossiya-140g/
Сыры;Сыр плавленый HOCHLAND сливочный 35%, без змж, 100г;59.99 ₽;https://lenta.com/product/50370-syr-plavlenyjj-pastoobr-slivochnyjj-35-bez-zmzh-rossiya-100g/
Сыры;Сыр PRETTO Моцарелла 45%, без змж, 370г;389.99 ₽;https://lenta.com/product/738603-syr-mocarella-45-bez-zmzh-rossiya-370g/
Сыры;Сыр мягкий PRESIDENT Brie 60%, без змж, весовой;400.00 ₽;https://lenta.com/product/388846-syr-brie-myagkijj-60-ves-bez-zmzh-rossiya/
Сыры;Сыр полутвердый ВЫБОР СЕМЬИ Голландский 45%, без змж, 300г;259.99 ₽;https://lenta.com/product/713620-syr-gollandskijj-ptv-45-fas-bez-zmzh-rossiya-300g/
Сыры;Сыр рассольный СИРТАКИ Classic Для греческого салата 35%, без змж, 330г;269.99 ₽;https://lenta.com/product/303339-syr-rassolnyjj-dgrecheskogo-salata-classic-35-bez-zmzh-rossiya-330g/
Сыры;Сыр LA PAULINA Чеддер 48%, без змж, 180г;229.99 ₽;https://lenta.com/product/712297-syr-chedder-48-bez-zmzh-argentina-180g/
Сыры;Сыр плавленый HOCHLAND Синее ассорти, порционный 50%, без змж, 140г;99.99 ₽;https://lenta.com/product/582151-syr-plavlenyjj-assorti-sinee-50-bez-zmzh-rossiya-140g/
Сыры;Сыр рассольный ЛЕНТА Фетос, без змж, 200г;122.99 ₽;https://lenta.com/product/457661-syr-rassolnyjj-fetos-bez-zmzh-rossiya-200g/
Сыры;Сыр БЕЛЕБЕЕВСКИЙ Благородный дуэт 50%, нарезка, без змж, 120г;149.99 ₽;https://lenta.com/product/723015-syr-blagorodnyjj-duet-50-nar-bez-zmzh-rossiya-120g/
Сыры;Сыр КОРОЛЬ СЕВЕРА 45%, без змж, 180г;189.99 ₽;https://lenta.com/product/672829-syr-45-bez-zmzh-rossiya-180g/
Сыры;Сыр MONBLU Сливочный с голубой благородной плесенью 60%, без змж, 100г;189.99 ₽;https://lenta.com/product/713263-syr-slivochnyjj-s-golubojj-blagorodnojj-plesenyu-60-bez-zmzh-rossiya-100g/
Сыры;Сыр твердый LAVKALAVKA Белпер Клубничный мохито 45%, без змж, 65г;194.99 ₽;https://lenta.com/product/722774-syr-tverdyjj-belper-klubnichnyjj-mohito-45-bez-zmzh-rossiya-65g/
Сыры;Сыр NATURA Сливочный Легкий 30%, нарезка, без змж, 150г;219.99 ₽;https://lenta.com/product/685446-syr-slivochnyjj-legkijj-30-nar-bez-zmzh-rossiya-150g/
Сыры;Сыр плавленый DELISSIR Хоритаки 30%, без змж, 180г;119.99 ₽;https://lenta.com/product/672523-syr-plavlenyjj-horitaki-30-bez-zmzh-rossiya-180g/
Сыры;Сыр UNAGRANDE Рикотта 50%, без змж, 140г;99.99 ₽;https://lenta.com/product/750213-syr-rikotta-50-bez-zmzh-rossiya-140g/
Сыры;Сыр МИР ВКУСА Маасдам 45%, без змж, весовой;360.00 ₽;https://lenta.com/product/583937-syr-maasdam-45-bez-zmzh-ves-belarus/
Сыры;Сыр MARCO PANATTI Моцарелла 40%, тертый, без змж, 150г;159.99 ₽;https://lenta.com/product/865035-syr-mocarella-40-tertyjj-bez-zmzh-rossiya-150g/
Сыры;Сыр MLEKARA SABAC Mediteraneo Брынза морская соль 22%, без змж, 285г;179.99 ₽;https://lenta.com/product/735006-syr-brynza-mediteraneo-morskaya-sol-22-bez-zmzh-serbiya-285g/
Сыры;Сыр полутвердый БРЕСТ-ЛИТОВСК Финский 45%, без змж, 200г;189.99 ₽;https://lenta.com/product/550770-syr-finskijj-ptv-45-bez-zmzh-belarus-200g/
Сыры;Сыр творожный КАРАТ Виолетта с креветками 70%, без змж, 140г;99.99 ₽;https://lenta.com/product/353399-syr-tvorozhnyjj-violetta-s-krevetkami-70-bez-zmzh-rossiya-140g/
Сыры;Сыр протеиновый UNAGRANDE Моцарелла без лактозы 35%, без змж, 120г;169.99 ₽;https://lenta.com/product/731013-syr-proteinovyjj-mocarella-blakt-35-palochki-bez-zmzh-rossiya-120g/
Сыры;Продукт белковый копченый РОССОЯ Тофу, 120г;84.99 ₽;https://lenta.com/product/458125-produkt-belkovyjj-tofu-kopchenyjj-rossiya-120g/
Сыры;Сыр OLDENBURGER протеиновый с грецким орехом 30%, без змж, 150г;249.99 ₽;https://lenta.com/product/770180-syr-proteinovyjj-s-greckim-orehom-30-bez-zmzh-rossiya-150g/
Сыры;Сыр СЕЛО ЗЕЛЕНОЕ Традиционный Фермерский 40%, без змж, 200г;159.99 ₽;https://lenta.com/product/601964-syr-fermerskijj-tradicionnyjj-40-bez-zmzh-rossiya-200g/
Сыры;Сыр полутвердый РАДОСТЬ ВКУСА Ореховый с фенугреком 40%, без змж, весовой;255.00 ₽;https://lenta.com/product/888645-syr-ptv-orehovyjj-s-fenugrekom-40-bez-zmzh-ves-rossiya/
Сыры;Сыр EXCELSIOR Sardo 45%, без змж, 180г;199.99 ₽;https://lenta.com/product/677827-syr-sardo-45-bez-zmzh-rossiya-180g/
Сыры;Сыр КИПРИНО 3 сыра тертый 45%, без змж, 200г;199.99 ₽;https://lenta.com/product/457047-syr-tertyjj-3-syra-45-bez-zmzh-rossiya-200g/
Сыры;Сыр ВЫБОР СЕМЬИ Российский 50%, нарезка, без змж, 300г;289.99 ₽;https://lenta.com/product/703577-syr-rossijjskijj-50-nar-bez-zmzh-rossiya-300g/
Сыры;Сыр ТЫСЯЧА ОЗЕР Легкий 15%, нарезка, без змж, 125г;139.99 ₽;https://lenta.com/product/391642-syr-legkijj-15-nar-bez-zmzh-rossiya-125g/
Сыры;Сыр SVEZA Моцарелла 45%, без змж, 250г;99.99 ₽;https://lenta.com/product/692823-syr-mocarella-45-bez-zmzh-belarus-250g/
Сыры;Сыр УГЛЕЧЕ ПОЛЕ Угличский 45%, без змж, 200г;199.99 ₽;https://lenta.com/product/720210-syr-uglichskijj-45-bez-zmzh-rossiya-200g/
Сыры;Сыр СЫРНАЯ ДОЛИНА Базирон с пажитником 45%, без змж, весовой;255.00 ₽;https://lenta.com/product/550691-syr-baziron-s-pazhitnikom-45-bez-zmzh-ves-rossiya/
Сыры;Продукт плавленый копченый ПЕРЕЯСЛАВЛЬ Рязанский Колбасный 45%, с змж, 300г;81.99 ₽;https://lenta.com/product/669018-produkt-plavlenyjj-kolbasnyjj-kopchenyjj-ryazanskijj-nezhnyjj-25-s-zmzh-rossiya-300g/
Сыры;Сыр САРМИЧ Гранд 45%, без змж, 150г;179.99 ₽;https://lenta.com/product/707198-syr-grand-45-bez-zmzh-rossiya-150g/
Сыры;Сыр плавленый HOCHLAND Грибы с луком 40%, без змж, 230г;179.99 ₽;https://lenta.com/product/748107-syr-plavlenyjj-griby-s-lukom-40-bez-zmzh-rossiya-230g/
Сыры;Сыр БРЕСТ-ЛИТОВСК Классический 45%, без змж, 200г;199.99 ₽;https://lenta.com/product/299178-syr-45-fas-bez-zmzh-belarus-200g/
Сыры;Сыр СЫРОБОГАТОВ Маасдам 45%, нарезка, без змж, 125г;144.99 ₽;https://lenta.com/product/686032-syr-maasdam-45-nar-bez-zmzh-rossiya-125g/
Сыры;Сыр БЕЛЕБЕЕВСКИЙ Белебеевский 45%, без змж, 400г;399.99 ₽;https://lenta.com/product/609337-syr-belebeevskijj-45-bez-zmzh-rossiya-400g/
Сыры;Сыр ЛАРЕЦ c медом и орехами 45%, без змж, весовой;330.00 ₽;https://lenta.com/product/715618-syr-c-medom-i-orehami-45-shar-bez-zmzh-ves-rossiya/
Сыры;Сыр СЫРНАЯ ДИНАСТИЯ Королей с ароматом топленого молока 50%, без змж, весовой;357.00 ₽;https://lenta.com/product/721088-syr-korolejj-s-arom-topl-mol-50-bez-zmzh-ves-belarus/
Сыры;Сыр мягкий РОССИНИ Страчателла 50%, без змж, 200г;269.99 ₽;https://lenta.com/product/655073-syr-myagkijj-strachatella-50-bez-zmzh-rossiya-200g/
Сыры;Сыр копченый ПРЕДГОРЬЕ КАВКАЗА Чечил Спагетти 45%, без змж, 100г;189.99 ₽;https://lenta.com/product/380940-syr-chechil-spagetti-kopchenyjj-45-bez-zmzh-rossiya-100g/
Сыры;Сыр творожный SVEZA Белый ломтик Прованские травы 60%, без змж, 150г;109.99 ₽;https://lenta.com/product/692878-syr-tvorozhnyjj-belyjj-lomtik-provanskie-travy-60-bez-zmzh-belarus-150g/
Сыры;Сыр CHEESE HOUSE Голландский 20%, весовой;223.50 ₽;https://lenta.com/product/595373-syr-gollandskijj-novyjj-20-ves-rossiya/
Сыры;Сыр ГОРОД СЫРА Гурманский 40%, нарезка, без змж, 150г;119.99 ₽;https://lenta.com/product/257537-syr-gurmanskijj-narezka-40-bez-zmzh-rossiya-150g/
Сыры;Сыр BONVIDA Тильзитер, без змж, в нарезке, 600г;599.99 ₽;https://lenta.com/product/454986-syr-tilziter-nar-bez-zmzh-rossiya-600g/
Сыры;Сыр VITALAT Маскарпоне 80%, без змж, 250г;229.99 ₽;https://lenta.com/product/358230-syr-maskarpone-80-bez-zmzh-rossiya-250g/
Сыры;Сыр полутвердый БРЕСТ-ЛИТОВСК Сливочный 50%, без змж, 500г;479.99 ₽;https://lenta.com/product/751890-syr-polutverdyjj-slivochnyjj-50-brusok-bez-zmzh-belarus-500g/
Сыры;Сыр САРМИЧ Топленое молочко 50%, без змж, весовой;375.00 ₽;https://lenta.com/product/627619-syr-toplenoe-molochko-50-bez-zmzh-ves-rossiya/
Сыры;Сыр мягкий СЫРОВАРНЯ ВОЛЖАНКА Камамбер 50%, без змж, 125г;244.99 ₽;https://lenta.com/product/505250-syr-myagkijj-kamamber-50-bez-zmzh-rossiya-125g/
Сыры;Сыр GALBANI Буррата Мини 50%, без змж, 420г;299.99 ₽;https://lenta.com/product/299225-syr-burrata-mini-galbani-50-bez-zmzh-rossiya-420g/
Сыры;Сыр с пажитником и ароматом грецкого ореха 45%, без змж, весовой;240.00 ₽;https://lenta.com/product/691377-syr-s-pazhitnikom-i-aromatom-greckogo-oreha-45-bez-zmzh-ves-belarus/
Сыры;Сыр PAN ASIAN Перлини кимчи 40%, без змж, 100г;159.99 ₽;https://lenta.com/product/900012-syr-perlini-kimchi-40-bez-zmzh-rossiya-100g/
Сыры;Сыр полутвердый РАДОСТЬ ВКУСА Львиное сердце 40%, без змж, весовой;234.00 ₽;https://lenta.com/product/749298-syr-ptv-lvinoe-serdce-40-bez-zmzh-ves-rossiya/
Сыры;Сыр мягкий MLEKARA SABAC Сливочный Cream Cheese 60%, без змж, 100г;75.99 ₽;https://lenta.com/product/722990-syr-myagkijj-slivochnyjj-cream-cheese-bez-zmzh-60-serbiya-100g/
Сыры;Продукт плавленый 365 ДНЕЙ с сыром 50%, нарезка, с змж, 130г;54.99 ₽;https://lenta.com/product/729000-produkt-plavlenyjj-s-syrom-50-slajjsy-s-zmzh-rossiya-130g/
Сыры;Сыр твердый EXCELSIOR Sardo 45%, без змж, весовой;373.50 ₽;https://lenta.com/product/728726-syr-tverdyjj-sardo-45-bez-zmzh-ves-rossiya/
Сыры;Сыр творожный КАРАТ Виолетта Благородные грибы 70%, без змж, 140г;99.99 ₽;https://lenta.com/product/372875-syr-tvorozhnyjj-violetta-blagorodnye-griby-70-bez-zmzh-rossiya-140g/
Сыры;Сыр OLDENBURGER Чеддер красный 45%, без змж, весовой;285.00 ₽;https://lenta.com/product/701898-syr-chedder-krasnyjj-45-bez-zmzh-ves-rossiya/
Сыры;Сыр ПОСТАВЫ ГОРОДОК Пармезан Гранд 45%, без змж, 180г;219.99 ₽;https://lenta.com/product/745267-syr-parmezan-grand-45-bez-zmzh-belarus-180g/
Сыры;Сыр творожный BONFESTO Кремчиз Зелень 65%, без змж, 140г;129.99 ₽;https://lenta.com/product/660294-syr-kremchiz-tvorozhnyjj-zelen-65-bez-zmzh-belarus-140g/
Сыры;Сыр SCHONFELD ЧЕДДЕР Красный 50%, нарезка, без змж, 125г;179.99 ₽;https://lenta.com/product/722806-syr-chedder-krasnyjj-50-narezka-bez-zmzh-rossiya-125g/
Сыры;Сыр полутвердый ЭКОНИВА Щучанский 50%, без змж, весовой;276.00 ₽;https://lenta.com/product/687098-syr-shchuchanskijj-ptv-50-ves-bez-zmzh-rossiya/
Сыры;Сыр копченый DENMAX Сулугуни 30%, без змж, 270г;199.99 ₽;https://lenta.com/product/454652-syr-suluguni-kopchenyjj-30-bez-zmzh-rossiya-270g/
Сыры;Сыр ЛЕНТА Маасдам 45% нарезка, без змж, 300г;299.99 ₽;https://lenta.com/product/697975-syr-maasdam-fas-45-nar-bez-zmzh-rossiya-300g/
Сыры;Сыр NATURA SELECTION Пармезан Original 45%, 3 месяца, без змж, 150г;249.99 ₽;https://lenta.com/product/733347-syr-selection-parmezan-original-3mes-45-bez-zmzh-rossiya-150g/
Сыры;Сыр творожный PRESIDENT Прованс сливочный 65%, без змж, 120г;109.99 ₽;https://lenta.com/product/698991-syr-provans-tvorozhnyjj-slivochnyjj-65-bez-zmzh-rossiya-120g/
Сыры;Сыр твердый ЭКОНИВА Дюрр Классика Dürr Classic 3 месяца 50%, без змж, 200г;284.99 ₽;https://lenta.com/product/630076-syr-dyurr-3mes-50-bez-zmzh-rossiya-200g/
Сыры;Сыр ЛАРЕЦ со вкусом топленого молока 45%, без змж, весовой;360.00 ₽;https://lenta.com/product/744044-syr-so-vkusom-toplenogo-moloka-45-bez-zmzh-ves-rossiya/
Сыры;Сыр полутвердый ЭКОНИВА Воспоминания из Шольбрунна Momente aus Schollbrunn 50%, без змж, весовой;276.00 ₽;https://lenta.com/product/689761-syr-ptv-sholbrunn-50-ves-bez-zmzh-rossiya/
Сыры;Сыр полутвердый РАДОСТЬ ВКУСА Топленое молочко 40%, без змж, весовой;234.00 ₽;https://lenta.com/product/749343-syr-ptv-toplenoe-molochko-40-bez-zmzh-ves-rossiya/
Сыры;Сыр EXPONENTA ФИТНЕС ЧИЗ с паприкой и морковью 35%, без змж, 180г;189.99 ₽;https://lenta.com/product/735407-syr-fitnes-chiz-s-paprikojj-i-morkovyu-35-bez-zmzh-belarus-180g/
Сыры;Набор сыров СКАЗОЧНЫЙ ВОЯЖ Сырная тарелка, Для тебя 45%, без змж, 185г;379.99 ₽;https://lenta.com/product/733369-nabor-syrov-syrnaya-tarelka-dlya-tebya-bez-zmzh-rossiya-185g/
Сыры;Сыр полутвердый РАДОСТЬ ВКУСА Топленое молочко 40%, без змж, 180г;169.99 ₽;https://lenta.com/product/750402-syr-polutverdyjj-toplenoe-molochko-40-bez-zmzh-rossiya-180g/
Сыры;Сыр PRETTO Моцарелла в воде перлини 45%, без змж, вес сыра 80г;99.99 ₽;https://lenta.com/product/794066-syr-mocarella-v-vode-perlini-45-bez-zmzh-rossiya-180g/
Сыры;Сыр творожный CREAM NUVO 65%, без змж, 800г;464.99 ₽;https://lenta.com/product/770038-syr-tvorozhnyjj-65-bez-zmzh-belarus-800g/
Сыры;Сыр плавленый VIOLA Российское избранное ассорти 45%, без змж, 130г;119.99 ₽;https://lenta.com/product/697946-syr-plavlenyjj-assorti-rossijjskoe-izbrannoe-45-bez-zmzh-rossiya-130g/
Сыры;Сыр GALBANI Stracciatella 52%, без змж, 250г;404.99 ₽;https://lenta.com/product/516543-syr-strachatella-52-bez-zmzh-rossiya-250g/
Сыры;Сыр плавленый HOCHLAND Мясное ассорти, порционный 50%, без змж, 140г;99.99 ₽;https://lenta.com/product/591046-syr-plavlenyjj-assorti-myasnoe-50-bez-zmzh-rossiya-140g/
Сыры;Сыр LAIME Пармезан 40%, без змж, лепестки, 80г;189.99 ₽;https://lenta.com/product/577948-syr-parmezan-lepestki-40-bez-zmzh-rossiya-80g/
Сыры;Сыр плавленый HOCHLAND с грибами 45%, ломтики, без змж, 150г;104.99 ₽;https://lenta.com/product/149989-syr-plavlenyjj-s-gribami-45-lomtiki-bez-zmzh-rossiya-150g/
Сыры;Сыр плавленый ЛЕНТА Сливочный, 45%, без змж, слайсы, 130г;74.99 ₽;https://lenta.com/product/493096-syr-plav-slivochnyjj-45-slajjsy-bez-zmzh-rossiya-130g/
Сыры;Сыр плавленый КАРАТ Для супа и соуса с зеленью 45%, без змж, 90г;64.99 ₽;https://lenta.com/product/570282-syr-plavlenyjj-dlya-supa-i-sousa-s-zelenyu-45-bez-zmzh-rossiya-90g/
Сыры;Сыр СЕЛО ЗЕЛЕНОЕ Сливочный 50%, без змж, 200г;179.99 ₽;https://lenta.com/product/602070-syr-slivochnyjj-50-bez-zmzh-rossiya-200g/
Сыры;Сыр КИПРИНО Мудрая коза из козьего молока 45%, без змж, весовой;471.00 ₽;https://lenta.com/product/664750-syr-mudraya-koza-iz-kozego-moloka-45-bez-zmzh-ves-rossiya/
Сыры;Сыр твердый ENDORF Tulyere 50%, без змж, 200г;369.99 ₽;https://lenta.com/product/609111-syr-tulyere-tv-50-bez-zmzh-rossiya-200g/
Сыры;Сыр творожный КАРАТ Виолетта Шоколадный 50%, без змж, 140г;99.99 ₽;https://lenta.com/product/210168-syr-tvorozhnyjj-violetta-shokoladnyjj-50-bez-zmzh-rossiya-140g/
Сыры;Сыр творожный SVEZA с зеленью 60%, без змж, 150г;99.99 ₽;https://lenta.com/product/692822-syr-tvorozhnyjj-s-zelenyu-60--bez-zmzh-belarus-150g/
Сыры;Сыр копченый ЛЕНТА FRESH Адыгейский 40%, без змж, 250г;239.99 ₽;https://lenta.com/product/739958-syr-adygejjskijj-kopchenyjj-bez-zmzh-rossiya-250g/
Сыры;Сыр NATURA Сливочный 45%, нарезка, без змж, 300г;439.99 ₽;https://lenta.com/product/685451-syr-slivochnyjj-45-nar-bez-zmzh-rossiya-300g/
Сыры;Сыр мягкий АТОН Камамбер с белой плесенью и медом 50–60%, без змж, 100г;169.99 ₽;https://lenta.com/product/552990-syr-kamamber-myagkijj-s-belojj-plesenyu-i-medom-bez-zmzh-rossiya-100g/
Сыры;Сыр РАДОСТЬ ВКУСА для жарки 45%, без змж, 180г;174.99 ₽;https://lenta.com/product/710011-syr-dlya-zharki-45-bez-zmzh-rossiya-180g/
Сыры;Сыр ВЫБОР СЕМЬИ Гауда 45%, нарезка, без змж, 300г;289.99 ₽;https://lenta.com/product/712456-syr-gauda-45-narezka-bez-zmzh-rossiya-300g/
Сыры;Сыр ЛЕНТА Сливочный 45% цилиндр, без змж, 400г;369.99 ₽;https://lenta.com/product/722328-syr-slivochnyjj-45-cilindr-bez-zmzh-rossiya-400g/
Сыры;Сыр полутвердый HOCHLAND Грюнландер 50%, нарезка, без змж, 130г;169.99 ₽;https://lenta.com/product/733127-syr-polutverdyjj-gryunlander-50-bez-zmzh-rossiya-130g/
Сыры;Сыр GALBANI Моцарелла мини 45%, без змж, 195г;139.99 ₽;https://lenta.com/product/557753-syr-mocarella-mini-45-bez-zmzh-rossiya-195g/
Сыры;Сыр ЛЕНТА Легкий 30%, нарезка, без змж, 150г;149.99 ₽;https://lenta.com/product/660084-syr-legkijj-30-narezka-bez-zmzh-rossiya-150g/
Сыры;Сыр полутвердый РАДОСТЬ ВКУСА Российский классический 40%, без змж, весовой;234.00 ₽;https://lenta.com/product/749299-syr-ptv-rossijjskijj-klassicheskijj-40-bez-zmzh-ves-rossiya/
Сыры;Сыр полутвердый РАДОСТЬ ВКУСА Сливочный 40%, без змж, весовой;234.00 ₽;https://lenta.com/product/749342-syr-ptv-slivochnyjj-40-bez-zmzh-ves-rossiya/
Сыры;Сыр BONVIDA Маасдам 45%, нарезка, без змж, 600г;589.99 ₽;https://lenta.com/product/540685-syr-maasdam-45-narezka-bez-zmzh-rossiya-600g/
Сыры;Сыр БЕЛЕБЕЕВСКИЙ Купеческий 52%, без змж, 400г;399.99 ₽;https://lenta.com/product/609493-syr-kupecheskijj-52-bez-zmzh-rossiya-400g/
Сыры;Сыр творожный КАРАТ Виолетта Сливочный 70%, без змж, 180г;139.99 ₽;https://lenta.com/product/538599-syr-tvorozhnyjj-violetta-slivochnyjj-70-bez-zmzh-rossiya-180g/
Сыры;Сыр LA PAULINA Чеддер 48%, без змж, весовой;301.50 ₽;https://lenta.com/product/561829-syr-chedder-48-bez-zmzh-ves-argentina/
Сыры;Сыр рассольный MLEKARA SABAC A.D. Sabac Сербская Брынза 40%, без змж, 515г;339.99 ₽;https://lenta.com/product/728739-syr-ad-sabac-rassolnyjj-serbskaya-brynza-40-bez-zmzh-serbiya-515g/
Сыры;Сыр твердый BELSTER Parmesan 40%, без змж, 195г;219.99 ₽;https://lenta.com/product/626511-syr-parmesan-tv-40-bez-zmzh-rossiya-195g/
Сыры;Сыр КИПРИНО Швейцарский 50% нарезка, без змж, 125г;189.99 ₽;https://lenta.com/product/547172-syr-shvejjcarskijj-50-slajjs-nar-bez-zmzh-rossiya-125g/
Сыры;Продукт плавленый с сыром для бургера 45%, с змж, 130г;60.99 ₽;https://lenta.com/product/741769-produkt-plavlenyjj-s-syrom-dlya-burgera-45-s-zmzh-rossiya-130g/
Сыры;Продукт плавленый Сливочный с сыром 50%, с змж, 200г;59.99 ₽;https://lenta.com/product/456184-produkt-plavlenyjj-s-syrom-slivochnyjj-50-s-zmzh-rossiya-200g/
Сыры;Продукт плавленый СВЕЖАЯ МАРКА Для чизбургера с сыром 45%, с змж, 130г;68.99 ₽;https://lenta.com/product/715918-produkt-plavlenyjj-s-syrom-dlya-chizburgera-45-s-zmzh-rossiya-130g/
Сыры;Сыр DOLCE Пармезан 40%, без змж, 200г;344.99 ₽;https://lenta.com/product/478938-syr-parmezan-40-bez-zmzh-rossiya-200g/
Сыры;Сыр CHEEZZI Terra Del Gusto Горгонзола 60%, без змж, 100г;259.99 ₽;https://lenta.com/product/695478-syr-terra-del-gusto-gorgonzola-60-bez-zmzh-rossiya-100g/
Сыры;Сыр некопченая ЛЕНТА Косичка, без змж, 100г;129.99 ₽;https://lenta.com/product/471282-syr-nekopchenaya-kosichka-bez-zmzh-rossiya-100g/
Сыры;Сыр ЛЕНТА Маасдам 45% нарезка, без змж, 150г;152.99 ₽;https://lenta.com/product/697974-syr-maasdam-fas-45-nar-bez-zmzh-rossiya-150g/
Сыры;Сыр плавленый КАРАТ Чизбургер 25%, без змж, 130г;79.99 ₽;https://lenta.com/product/689217-syr-plavlenyjj-chizburger-25-lomtiki-bez-zmzh-rossiya-130g/
Сыры;Сыр PREMIUM CLUB с томатом и базиликом 45%, нарезка, без змж, 125г;159.99 ₽;https://lenta.com/product/725579-syr-slajjsy-s-tomatom-i-bazilikom-45-bez-zmzh-rossiya-125g/
Сыры;Сыр полутвердый БРЕСТ-ЛИТОВСК Легкий 35%, нарезка, без змж, 130г;159.99 ₽;https://lenta.com/product/743779-syr-polutverdyjj-legkijj-35-bez-zmzh-belarus-130g/
Сыры;Сыр РАДОСТЬ ВКУСА Легкий 35%, без змж, весовой;216.00 ₽;https://lenta.com/product/436231-syr-legkijj-35-ves-bez-zmzh-rossiya/
Сыры;Сыр ЛЕНТА LIFE Легкий безлактозный 30%, без змж, 400г;349.99 ₽;https://lenta.com/product/726137-syr-bezlaktoznyjj-legkijj-30-cilindr-bez-zmzh-rossiya-400g/
Сыры;Сыр мягкий UNAGRANDE Моцарелла 45% палочки, без змж, 120г;169.99 ₽;https://lenta.com/product/533182-syr-mocarella-palochki-45-bez-zmzh-rossiya-120g/
Сыры;Сыр мягкий SUPREME с белой плесенью, без змж, 125г;249.99 ₽;https://lenta.com/product/526661-syr-myagkijj-s-belojj-plesenyu-bez-zmzh-rossiya-125g/
Сыры;Сыр полутвердый HOCHLAND Grunlander Баварский 45% нарезка, без змж, 130г;169.99 ₽;https://lenta.com/product/737313-syr-grunlander-ptv-bavarskijj-45-nar-bez-zmzh-rossiya-130g/
Сыры;Сыр твердый БРЕСТ-ЛИТОВСК выдержанный 12 месяцев 45%, без змж, весовой;450.00 ₽;https://lenta.com/product/772063-syr-tverdyjj-vyderzhannyjj-12-mes-45-bez-zmzh-ves-belarus/
Сыры;Сыр мягкий АТОН Камамбер с белой плесенью и фруктовым клюквенным джемом 50–60%, без змж, 100г;169.99 ₽;https://lenta.com/product/547170-syr-kamamber-myagkijj-s-belojj-plesen-i-dzhemom-frukt-klyukv-bez-zmzh-rossiya-100g/
Сыры;Сыр полутвердый ЭКОНИВА Щучанский 50%, без змж, 200г;199.99 ₽;https://lenta.com/product/687053-syr-shchuchanskijj-ptv-50-bez-zmzh-rossiya-200g/
Сыры;Сыр ВЕРХНЕДВИНСКИЙ Классический Пармезан 45%, без змж, весовой;321.00 ₽;https://lenta.com/product/629856-syr-parmezan-klassicheskijj-45-bez-zmzh-ves-belarus/
Сыры;Сыр КИПРИНО Сливочный 50%, без змж, весовой;270.00 ₽;https://lenta.com/product/99822-syr-slivochnyjj-50-ves-bez-zmzh-rossiya/
Сыры;Сыр УМАЛАТ Кавказский 45%, 280г;279.99 ₽;https://lenta.com/product/632969-syr-kavkazskijj-45-rossiya-280g/
Сыры;Сыр PREMIUM CLUB с лисичками 45%, без змж, 200г;279.99 ₽;https://lenta.com/product/722036-syr-s-lisichkami-45-bez-zmzh-rossiya-200g/
Сыры;Сыр плавленый АЛАНТАЛЬ N70 40%, без змж, 240г;184.99 ₽;https://lenta.com/product/742873-syr-plavlenyjj-n70-40-bez-zmzh-rossiya-240g/
Сыры;Сыр плавленый HOCHLAND Индейка с прованскими травами 40%, без змж, 230г;179.99 ₽;https://lenta.com/product/748288-syr-plavlenyjj-indejjka-s-provanskimi-travami-40-bez-zmzh-rossiya-230g/
Сыры;Сыр творожный КАРАТ Виолетта с лососем 70%, без змж, 140г;99.99 ₽;https://lenta.com/product/692900-syr-violetta-tvorozhnyjj-s-lososem-70-bez-zmzh-rossiya-140g/
Сыры;Сыр из козьего молока БЕЛОЕ ЗОЛОТО Грана Кози Леварден 50%, без змж, 150г;419.99 ₽;https://lenta.com/product/558561-syr-grana-kozi-levarden-iz-kozego-moloka-50-bez-zmzh-rossiya-150g/
Сыры;Сыр PREMIUM CLUB Пармезан 45%, без змж, 200г;269.99 ₽;https://lenta.com/product/721175-syr-parmezan-45-fas-bez-zmzh-rossiya-200g/
Сыры;Сыр творожный САВУШКИН ПРОДУКТ Воздушный с зеленью 60%, без змж, 150г;109.99 ₽;https://lenta.com/product/560241-syr-tvorozhnyjj-vozdushnyjj-s-zelenyu-60-bez-zmzh-belarus-150g/
Сыры;Сыр СМЗ УГЛИЧСКИЙ Российский 50%, без змж, весовой;270.00 ₽;https://lenta.com/product/557887-syr-rossijjskijj-50-bez-zmzh-ves-rossiya/
Сыры;Сыр полутвердый Тильзитер 45%, без змж, 170г;159.99 ₽;https://lenta.com/product/745358-syr-tilziter-45-fas-bez-zmzh-rossiya-170g/
Сыры;Сыр БЕЛЕБЕЕВСКИЙ Благородный дуэт 50%, без змж, 190г;179.99 ₽;https://lenta.com/product/570557-syr-blagorodnyjj-duet-50-bez-zmzh-rossiya-190g/
Сыры;Сыр БЕЛЕБЕЕВСКИЙ 45%, нарезка, без змж, 120г;149.99 ₽;https://lenta.com/product/723037-syr-45-slajjs-bez-zmzh-rossiya-120g/
Сыры;Сыр мягкий PRESIDENT Mini Snack a La Francaise с красной плесенью 60%, без змж, 90г;229.99 ₽;https://lenta.com/product/579966-syr-myagkijj-mini-snack-a-la-francaise-s-krasnojj-plesenyu-60-bez-rossiya-90g/
Сыры;Сыр плавленый СЫРОБОГАТОВ Сливочный 50%, без змж, 200г;129.99 ₽;https://lenta.com/product/344737-syr-plavlenyjj-slivochnyjj-50-vanna-bez-zmzh-rossiya-200g/
Сыры;Сыр мягкий ЛЕНТА FRESH Моцарелла мини, без змж, 120г;109.99 ₽;https://lenta.com/product/712376-syr-myagkijj-mocarella-mini-bez-zmzh-rossiya-120g/
Сыры;Сыр плавленый HOCHLAND с грибами 55%, без змж, 400г;259.99 ₽;https://lenta.com/product/31881-syr-plavlenyjj-s-gribami-55-vanna-bez-zmzh-rossiya-400g/
Сыры;Сыр полутвердый LAPLANDIA ProTein 33%, без змж, 180г;209.99 ₽;https://lenta.com/product/736950-syr-protein-ptv-33-bez-zmzh-rossiya-180g/
Сыры;Сыр плавленый PRESIDENT Сырная коллекция 45%, без змж, 140г;109.99 ₽;https://lenta.com/product/520702-syr-syrnaya-kollekciya-plavlenyjj-45-bez-zmzh-rossiya-140g/
Сыры;Сыр КИПРИНО Витязь 50%, без змж, весовой;460.50 ₽;https://lenta.com/product/131441-syr-vityaz-50-ves-bez-zmzh-rossiya/
Сыры;Сыр плавленый КАРАТ Шоколадный Десертный 30%, без змж, 230г;129.99 ₽;https://lenta.com/product/210171-syr-plavlenyjj-shokoladnyjj-desertnyjj-30-pst-bez-zmzh-rossiya-230g/
Сыры;Сыр полутвердый LAPLANDIA Сливочный 45%, без змж, 180г;209.99 ₽;https://lenta.com/product/716456-syr-slivochnyjj-ptv-45-fas-bez-zmzh-rossiya-180g/
Сыры;Сыр DOLCE DELUX Пармезан 34%, без змж, 200г;379.99 ₽;https://lenta.com/product/516032-syr-parmezan-34-bez-zmzh-rossiya-200g/
Сыры;Сыр ЛЕНТА FRESH Чечил-лапша сливочный 45%, без змж, 130г;179.99 ₽;https://lenta.com/product/735050-syr-chechil-lapsha-slivochnyjj-45-bez-zmzh-rossiya-130g/
Сыры;Сыр РОГАЧЕВЪ Маасдам 45%, без змж, 200г;199.99 ₽;https://lenta.com/product/645582-syr-maasdam-45-bez-zmzh-belarus-200g/
Сыры;Сыр PRETTO Моцарелла Фиор Ди Латте 45% в воде, без змж, 100г;99.99 ₽;https://lenta.com/product/438623-syr-mocarella-fior-di-latte-v-vode-45-bez-zmzh-rossiya-100g/
Сыры;Сыр BONVIDA Маскарпоне 80%, без змж, 500г;409.99 ₽;https://lenta.com/product/537622-syr-maskarpone-bez-zmzh-rossiya-500g/
Сыры;Сыр полутвердый БРЕСТ-ЛИТОВСК Гранд Маасдам 45%, без змж, весовой;270.00 ₽;https://lenta.com/product/745352-syr-polutverdyjj-grand-maasdam-45-bez-zmzh-ves-belarus/
Сыры;"Сыр PRETTO Моцарелла Чильеджина 45%, без змж, вес сыра 100г, вес с 
водой, 180г";109.99 ₽;https://lenta.com/product/438624-syr-mocarella-chiledzhina-v-vode-ves-syra-100g-45-bez-zmzh-rossiya-180g/
Сыры;Сыр полутвердый HOCHLAND Grunlander Чеддер 50%, нарезка, без змж, 130г;189.99 ₽;https://lenta.com/product/692283-syr-ptv-grunlander-chedder-nar-bez-zmzh-rossiya-130g/
Сыры;Сыр PREMIUM CLUB Чеддер выдержанный 45%, без змж, 200г;229.99 ₽;https://lenta.com/product/706687-syr-chedder-vyderzhannyjj-45-bez-zmzh-rossiya-200g/
Сыры;Сыр мягкий РОТА-АГРО Камамбер с плесенью 50%, без змж, 125г;259.99 ₽;https://lenta.com/product/735629-syr-myagkijj-s-plesenyu-kamamber-bez-zmzh-rossiya-125g/
Сыры;Сыр полутвердый РАДОСТЬ ВКУСА Львиное сердце 40%, нарезка, без змж, 125г;139.99 ₽;https://lenta.com/product/750403-syr-polutverdyjj-lvinoe-serdce-40-bez-zmzh-rossiya-125g/
Сыры;Сыр творожный HOCHLAND Almette с розмарином, без змж, 150г;104.99 ₽;https://lenta.com/product/694693-syr-almette-tvorozhnyjj-s-rozmarinom-bez-zmzh-rossiya-150g/
Сыры;Сыр LANDERS Сливочный 45%, без змж, 200г;164.99 ₽;https://lenta.com/product/715680-syr-slivochnyjj-45-bez-zmzh-belarus-200g/
Сыры;Сыр плавленый СЫРОБОГАТОВ Русское ассорти 45%, без змж, 130г;99.99 ₽;https://lenta.com/product/748843-syr-plavlennyjj-russkoe-assorti-45-bez-zmzh-rossiya-130g/
Сыры;Сыр КИПРИНО Мастер 50%, без змж, весовой;285.00 ₽;https://lenta.com/product/99820-syr-master-50-ves-bez-zmzh-rossiya/
Сыры;Сыр твердый LA PAULINA Гойя 40%, без змж, весовой;432.00 ₽;https://lenta.com/product/866593-syr-tverdyjj-gojjya-40-bez-zmzh-ves-argentina/
Сыры;Сыр полутвердый ЛЕНТА FRESH Халуми 50%, без змж, 100г;154.99 ₽;https://lenta.com/product/730576-syr-polutverdyjj-halumi-50-bez-zmzh-rossiya-100g/
Сыры;Сыр ПРЕДГОРЬЕ КАВКАЗА Коса 45%, без змж, 110г;169.99 ₽;https://lenta.com/product/637255-syr-kosa-45-bez-zmzh-rossiya-110g/
Сыры;Сыр творожный BONFESTO Кремчиз сливочный 70%, без змж, 400г;359.99 ₽;https://lenta.com/product/665842-syr-tvorozhnyjj-kremchiz-slivochnyjj-70-bez-zmzh-belarus-400g/
Сыры;Сыр 365 ДНЕЙ Российский 50%, без змж, в нарезке, 125г;129.99 ₽;https://lenta.com/product/356849-syr-rossijjskijj-50-nar-bez-zmzh-rossiya-125g/
Сыры;Сыр полутвердый БРЕСТ-ЛИТОВСК Классический 45%, без змж, 500г;479.99 ₽;https://lenta.com/product/550809-syr-klassicheskijj-ptv-45-bez-zmzh-belarus-500g/
Сыры;Сыр творожный MLEKARA SABAC FIT Cream Cheese сливочный 60%, без змж, 250г;199.99 ₽;https://lenta.com/product/768185-syr-fit-cream-cheese-slivochnyjj-60-bez-zmzh-serbiya-250g/
Сыры;Сыр ЧИЗОЛИНИ Чечил 40%, без змж, 130г;219.99 ₽;https://lenta.com/product/517157-syr-chechil-svezhijj-40-bez-zmzh-rossiya-130g/
Сыры;Сыр NATURA SELECTION Matured Havarti 45%, нарезка, без змж, 150г;189.99 ₽;https://lenta.com/product/698075-syr-matured-havarti-nar-45-bez-zmzh-rossiya-150g/
Сыры;Сыр творожный BON MATIN с зеленью 30%, без змж 130г, 130г;89.99 ₽;https://lenta.com/product/743055-syr-tvorozhnyjj-s-zelenyu-30-bez-zmzh-130g-rossiya-130g/
Сыры;Сыр твердый LAVKALAVKA Белпер Черная смородина 45%, без змж, 65г;194.99 ₽;https://lenta.com/product/722734-syr-tverdyjj-belper-chernaya-smorodina-45-bez-zmzh-rossiya-65g/
Сыры;Сыр твердый LAIME Пармезан 40%, 6 месяцев, без змж, 125г;379.99 ₽;https://lenta.com/product/729464-syr-parmezan-kolotyjj-tverdyjj-6-mes-40-bez-zmzh-rossiya-125g/
Сыры;Сыр ЛЕНТА LIFE Сливочный безлактозный 50%, без змж, 180г;189.99 ₽;https://lenta.com/product/699684-syr-slivochnyjj-bezlaktoznyjj-50-bez-zmzh-rossiya-180g/
Сыры;Сыр полутвердый РАДОСТЬ ВКУСА Ореховый 40%, без змж, 180г;174.99 ₽;https://lenta.com/product/750405-syr-polutverdyjj-orehovyjj-40-bez-zmzh-rossiya-180g/
Сыры;Сыр БЕЛЕБЕЕВСКИЙ Российский 50%, нарезка, без змж, 120г;149.99 ₽;https://lenta.com/product/723014-syr-rossijjskijj-50-slajjs-bez-zmzh-rossiya-120g/
Сыры;Сыр полутвердый БРЕСТ-ЛИТОВСК Чеддер 45%, без змж, 200г;199.99 ₽;https://lenta.com/product/734869-syr-polutverdyjj-chedder-45-brusok-bez-zmzh-belarus-200g/
Сыры;Сыр NATURA Gouda Гауда 45%, без змж, 180г;179.99 ₽;https://lenta.com/product/769071-syr-gouda-gauda-45-bez-zmzh-rossiya-180g/
Сыры;Сыр творожный BONFESTO Кремчиз 70%, без змж, 400г;269.99 ₽;https://lenta.com/product/667751-syr-tvorozhnyjj-kremchiz-70-bez-zmzh-belarus-400g/
Сыры;Тофу VEG`S Оригинальный, 250г;139.99 ₽;https://lenta.com/product/626595-tofu-originalnyjj-rossiya-250g/
Сыры;"Сыр мягкий SCHONFELD Blue с голубой благородной плесенью 54%, без змж, 
весовой";360.00 ₽;https://lenta.com/product/569888-syr-s-golubojj-blagorodnojj-plesenyu-54-bez-zmzh-ves-argentina/
Сыры;Сыр РАДОСТЬ ВКУСА Легкий 35%, без змж, 180г;164.99 ₽;https://lenta.com/product/710049-syr-legkijj-35-bez-zmzh-rossiya-180g/
Сыры;Сыр АО НАДЕЖДА Тильзитер 50%, без змж, весовой;210.00 ₽;https://lenta.com/product/583994-syr-tilziter-50-bez-zmzh-ves-rossiya/
Сыры;Сыр полутвердый БРЕСТ-ЛИТОВСК Савьер 50%, без змж, весовой;360.00 ₽;https://lenta.com/product/745351-syr-polutverdyjj-saver-50-bez-zmzh-ves-belarus/
Сыры;Сыр копченый ЧИЗОЛИНИ Чечил 45%, без змж, 150г;259.99 ₽;https://lenta.com/product/517167-syr-chechil-kopchenyjj-45-bez-zmzh-rossiya-150g/
Сыры;Сыр VARDEVAAL Маасдам с козьим молоком 45%, без змж, весовой;411.00 ₽;https://lenta.com/product/527671-syr-maasdam-s-kozim-molokom-45-bez-zmzh-ves-rossiya/
Сыры;Сыр BURENKA CLUB Фета Легкий 35%, стик, без змж, 125г;129.99 ₽;https://lenta.com/product/740804-syr-feta-stik-legkijj-35-bez-zmzh-rossiya-125g/
Сыры;Сыр плавленый PRESIDENT Маасдам 40%, без змж, 150г;104.99 ₽;https://lenta.com/product/119544-syr-plavlenyjj-lomtevojj-maazdam-40-bez-zmzh-rossiya-150g/
Сыры;Сыр ЕГОРЛЫК МОЛОКО Камамбер c грецким орехом 50%, без змж, 125г;209.99 ₽;https://lenta.com/product/554358-syr-kamamber-c-greckim-orehom-50-bez-zmzh-rossiya-125g/
Сыры;Сыр ЛЕНТА FRESH Чечил-лапша с чесноком и укропом 45%, без змж, 130г;179.99 ₽;https://lenta.com/product/735214-syr-chechil-lapsha-s-chesnokom-i-ukropom-45-bez-zmzh-rossiya-130g/
Сыры;Сыр плавленый для супа КАРАТ с луком 45%, без змж, 90г;64.99 ₽;https://lenta.com/product/167100-syr-plavlenyjj-s-lukom-dlya-supa-45-bez-zmzh-rossiya-90g/
Сыры;Сыр плавленый копченый ЛЕНТА Колбасный 40%, нарезка, без змж, 150г;109.99 ₽;https://lenta.com/product/729370-syr-plavlenyjj-kolbasnyjj-kopchenyjj-narezka-bez-zmzh-rossiya-150g/
Сыры;Сыр творожный SVEZA Воздушный с авокадо 60%, без змж, 150г;109.99 ₽;https://lenta.com/product/734478-syr-tvorozhnyjj-vozdushnyjj-s-avokado-60-pst-bez-zmzh-belarus-150g/
Сыры;Сыр творожный ЭКОМИЛК 60%, без змж, 120г;89.99 ₽;https://lenta.com/product/686613-syr-tvorozhnyjj-60-bez-zmzh-rossiya-120g/
Сыры;Сыр NATURA Сливочный 45%, без змж, весовой;294.00 ₽;https://lenta.com/product/686659-syr-slivochnyjj-45-ves-bez-zmzh-rossiya/
Сыры;Сыр полутвердый РАДОСТЬ ВКУСА Львиное сердце 40%, без змж, 180г;174.99 ₽;https://lenta.com/product/750401-syr-polutverdyjj-lvinoe-serdce-40-bez-zmzh-rossiya-180g/
Сыры;"Сыр плавленый PRESIDENT Классическая коллекция Сливочный, с ветчиной, 
грибами 45%, без змж, 140г";109.99 ₽;https://lenta.com/product/493049-syr-plavlenyjj-klassicheskaya-kollekciya-sliv-vetchgrib45-bez-zmzh-rossiya-140g/
Сыры;Сыр BONFESTO Моцарелла пицца 40%, без змж, 370г;359.99 ₽;https://lenta.com/product/579925-syr-mocarella-picca-40-bez-zmzh-belarus-370g/
Сыры;Продукт плавленый копченый Колбасный с сыром 40%, с змж, 400г;69.99 ₽;https://lenta.com/product/455641-produkt-plavlenyjj-s-syrom-kolbasnyjj-kopchenyjj-40-s-zmzh-rossiya-400g/
Сыры;Сыр творожный PRETTO 65%, без змж, 250г;199.99 ₽;https://lenta.com/product/738604-syr-tvorozhnyjj-65-bez-zmzh-rossiya-250g/
Сыры;Сыр плавленый копченый ОЛЬХОВО 40%, батончики, без змж, 190г;199.99 ₽;https://lenta.com/product/675378-syr-plavlenyjj-kopchenyjj-40-batonchiki-bez-zmzh-rossiya-190g/
Сыры;Сыр рассольный ЛЕНТА Брынза 45%, без змж, 250г;169.99 ₽;https://lenta.com/product/491111-syr-rassolnyjj-brynza-45-bez-zmzh-belarus-250g/
Сыры;Сыр SCHONFELD Маасдам 45%, нарезка, без змж, 125г;224.99 ₽;https://lenta.com/product/610480-syr-maasdam-45-nar-bez-zmzh-rossiya-125g/
Сыры;Сыр плавленый HOCHLAND Ассорти пицца 45%, без змж, 140г;99.99 ₽;https://lenta.com/product/746938-syr-plavlenyjj-assorti-picca-45-bez-zmzh-rossiya-140g/
Сыры;Сыр плавленый ЛЕНТА с грибами 50%, без змж, 400г;199.99 ₽;https://lenta.com/product/452332-syr-plavlenyjj-s-gribami-50-vannochka-bez-zmzh-rossiya-400g/
Сыры;Сыр творожный 365 ДНЕЙ с зеленью 30%, без змж, 100г;49.99 ₽;https://lenta.com/product/572505-syr-tvorozhnyjj-s-zelenyu-30-bez-zmzh-rossiya-100g/
Сыры;Сыр плавленый ЛЕНТА Сливочный 50%, без змж, 130г;94.99 ₽;https://lenta.com/product/521294-syr-plavlenyjj-slivochnyjj-50-treugolniki-bez-zmzh-rossiya-130g/
Сыры;Сыр рассольный БУТЕРБРОДОВ Халуми 50%, без змж, 130г;184.99 ₽;https://lenta.com/product/545677-syr-halumi-rassolnyjj-50-bez-zmzh-rossiya-130g/
Сыры;Сыр ЛЕНТА Легкий 30%, без змж, 180г;179.99 ₽;https://lenta.com/product/714215-syr-legkijj-30-kusok-bez-zmzh-rossiya-180g/
Сыры;Сыр LA PAULINA Моцарелла 42%, без змж, весовой;479.99 ₽;https://lenta.com/product/692712-syr-mocarella-42-bez-zmzh-ves-argentina/
Сыры;Сыр плавленый PRESIDENT Сливочный 45%, без змж, 140г;109.99 ₽;https://lenta.com/product/244316-syr-plavlenyjj-prezident-slivochnyjj-8-dolek-45-bez-zmzh-rossiya-140g/
Сыры;Сыр BONFESTO Моцарелла пицца 40%, без змж, весовой;799.99 ₽;https://lenta.com/product/509935-syr-mocarella-picca-40-ves-bez-zmzh-belarus/
Сыры;Набор сыров ЛЕНТА FRESH Чечил-спагетти с хмели-сунели/чили/чесноком/укропом 45%, без змж, 150г;219.99 ₽;https://lenta.com/product/735242-nabor-syrov-chechil-spagetti-s-hmeli-sunelichilichesnokomukropom-45-bez-rossiya-150g/
Сыры;Сыр PREMIUM CLUB с трюфелями 45%, без змж, 200г;279.99 ₽;https://lenta.com/product/722319-syr-s-tryufelyami-45-bez-zmzh-rossiya-200g/
Сыры;Сыр ВЫБОР СЕМЬИ Российский 45%, нарезка, без змж, 500г;499.99 ₽;https://lenta.com/product/713095-syr-rossijjskijj-45-fas-narezka-bez-zmzh-rossiya-500g/
Сыры;Сыр мягкий BONFESTO Рикотта 40%, без змж, 250г;144.99 ₽;https://lenta.com/product/614931-syr-rikotta-myagkijj-40bez-zmzh-belarus-250g/
Сыры;Сыр полутвердый HOCHLAND Grunlander Чеддер 50%, без змж, 180г;209.99 ₽;https://lenta.com/product/699108-syr-ptv-grunlander-chedder-50-bez-zmzh-rossiya-180g/
Сыры;Сыр плавленый HOCHLAND Фетакса с маслинами и паприкой 45%, без змж, 200г;149.99 ₽;https://lenta.com/product/499613-syr-plavlenyjj-fetaksa-s-maslinami-i-paprikojj-bez-zmzh-rossiya-200g/
Сыры;Сыр ЛЕНТА вкус топленого молока 45% шар, без змж, весовой;240.00 ₽;https://lenta.com/product/721641-syr-vkus-toplenogo-moloka-45-shar-bez-zmzh-ves-rossiya/
Сыры;Сыр мягкий ЛЕНТА FRESH Камамбер с белой плесенью 50% без змж, 125г;219.99 ₽;https://lenta.com/product/730730-syr-myagkijj-kamamber-s-belojj-plesenyu-50-bez-zmzh-rossiya-125g/
Сыры;"Сыр плавленый HOCHLAND Ассорти: сливочный, ветчина 45%, ломтики, без 
змж, 150г";109.99 ₽;https://lenta.com/product/58071-syr-plavlenyjj-assorti-slivoch-vetchina-45-lomtiki-bez-zmzh-rossiya-150g/
Сыры;Сыр PRESIDENT Royal Blue c голубой плесенью 55%, без змж, 125г;245.99 ₽;https://lenta.com/product/709532-syr-royal-blue-c-golubojj-plesenyu-55-bez-zmzh-rossiya-125g/
Сыры;Сыр мягкий PRESIDENT Petit Brie с белой плесенью 60%, без змж, 125г;239.99 ₽;https://lenta.com/product/529204-syr-myagkijj-s-belojj-plesenyu-petit-brie-60-bez-zmzh-rossiya-125g/
Сыры;Сыр рассольный ЭКОМИЛК Фетика греческий 40%, без змж, вес сыра 400г, 490г;264.99 ₽;https://lenta.com/product/686721-syr-fetika-grecheskijj-rassolnyjj-40-ves-syra-400g-bez-zmzh-rossiya-490g/
Сыры;Сыр плавленый PRESIDENT Сливочный 40% ломтевой, без змж, 150г;104.99 ₽;https://lenta.com/product/119549-syr-plavlenyjj-slivochnyjj-40-lomtevojj-bez-zmzh-rossiya-150g/
Сыры;Сыр мягкий CHEESE VOYAGE Камамбер мини с белой плесенью 50–60%, без змж, 80г;159.99 ₽;https://lenta.com/product/547180-syr-kamamber-mini-myagkijj-s-belojj-plesenyu-bez-zmzh-rossiya-80g/
Сыры;Сыр плавленый PREMIUM CLUB Сливочный 35%, без змж, 400г;239.99 ₽;https://lenta.com/product/698105-syr-plavlenyjj-slivochnyjj-35-bez-zmzh-rossiya-400g/
Сыры;Сыр OLDENBURGER с грецким орехом 45%, нарезка, без змж, 125г;139.99 ₽;https://lenta.com/product/720356-syr-s-greckim-orehom-45-nar-bez-zmzh-rossiya-125g/
Сыры;Сыр плавленый КАРАТ Сливочный 45%, без змж, 400г;189.99 ₽;https://lenta.com/product/592903-syr-plavlenyjj-slivochnyjj-45-vanna-bez-zmzh-rossiya-400g/
Сыры;Сыр мягкий BONFESTO Balance Mini Моцарелла 30%, без змж, 250г;109.99 ₽;https://lenta.com/product/745590-syr-balance-mini-myagkijj-mocarella-30-bez-zmzh-belarus-250g/
Сыры;Продукт белковый РОССОЯ Тофу натуральный, 120г;79.99 ₽;https://lenta.com/product/458126-produkt-belkovyjj-tofu-naturalnyjj-rossiya-120g/
Сыры;Сыр GrandBlu Intense с голубой плесенью 50%, без змж, 100г;214.99 ₽;https://lenta.com/product/452468-syr-grandblu-intens-s-golubojj-plesenyu-50-bez-zmzh-rossiya-100g/
Сыры;Сыр полутвердый СЫРНАЯ ДИНАСТИЯ Топленое молочко 45%, без змж, весовой;225.00 ₽;https://lenta.com/product/852567-syr-ptv-toplenoe-molochko-45-bez-zmzh-ves-belarus/
Сыры;Сыр ЛАРЕЦ с лисичками 45%, без змж, весовой;330.00 ₽;https://lenta.com/product/715552-syr-s-lisichkami-45-shar-bez-zmzh-ves-rossiya/
Сыры;Сыр мягкий CHEF WORKS 10%, без змж, 800г;269.99 ₽;https://lenta.com/product/673536-syr-10-vedro-bez-zmzh-belarus-800g/
Сыры;Сыр плавленый СЫРОБОГАТОВ с ветчиной 50%, без змж, 200г;129.99 ₽;https://lenta.com/product/344799-syr-plavlenyjj-s-vetchinojj-50-vanna-bez-zmzh-rossiya-200g/
Сыры;Сыр твердый SCHONFELD Пармезан 40%, без змж, 180г;344.99 ₽;https://lenta.com/product/741308-syr-tverdyjj-parmezan-40-bez-zmzh-rossiya-180g/
Сыры;Сыр плавленый СЫРОБОГАТОВ Mini для бургера 25%, без змж, 112г;89.99 ₽;https://lenta.com/product/746585-syr-mini-plavlenyjj-dlya-burgera-25-bez-zmzh-rossiya-112g/
Сыры;Сыр мягкий BONFESTO Маскарпоне 78%, без змж, 500г;499.99 ₽;https://lenta.com/product/301729-syr-maskarpone-myagkijj-78-bez-zmzh-belarus-500g/
Сыры;Сыр плавленый PRESIDENT Шоколадный 30%, без змж, 400г;219.99 ₽;https://lenta.com/product/66273-syr-plavlenyjj-shokoladnyjj-30-bez-zmzh-rossiya-400g/
Сыры;Сыр творожный BONFESTO Кремчиз Креветки и зелень 65%, без змж, 140г;129.99 ₽;https://lenta.com/product/660296-syr-kremchiz-tvorozhnyjj-krevetki-i-zelen-65-bez-zmzh-belarus-140g/
Сыры;Сыр СЫРОБОГАТОВ Гауда 45%, без змж, весовой;320.00 ₽;https://lenta.com/product/344829-syr-gauda-45-ves-rossiya/
Сыры;Сыр творожный PRETTO с травами 65%, без змж, 140г;119.99 ₽;https://lenta.com/product/699389-syr-tvorozhnyjj-s-travami-65-pls-bez-zmzh-rossiya-140g/
Сыры;Сыр мягкий BONVIDA Рикотта 25%, без змж, 500г;249.99 ₽;https://lenta.com/product/699395-syr-myagkijj-rikotta-25-bez-zmzh-rossiya-500g/
Сыры;Сыр БОРОВСКИЙ СЫР Чечил 45%, без змж, 100г;179.99 ₽;https://lenta.com/product/703739-syr-chechil-45-bez-zmzh-rossiya-100g/
Сыры;Сыр плавленый HOCHLAND Сэндвич 45%, без змж, 150г;109.99 ₽;https://lenta.com/product/31873-syr-plavlenyjj-sendvich-lomtevojj-45-bez-zmzh-rossiya-150g/
Сыры;Сыр BONFESTO Маскарпоне 78%, без змж, 250г;274.99 ₽;https://lenta.com/product/391937-syr-maskarpone-78-bez-zmzh-belarus-250g/
Сыры;Сыр СТАРОМИНСКИЙ СЫРОДЕЛ Чеддер 50%, без змж, весовой;261.00 ₽;https://lenta.com/product/335505-syr-chedder-50-ves-bez-zmzh-rossiya/
Сыры;Сыр творожный BON MATIN Сливочный 30%, без змж 380г, 380г;199.99 ₽;https://lenta.com/product/743134-syr-tvorozhnyjj-slivochnyjj-30-bez-zmzh-380g-rossiya-380g/
Сыры;Сыр творожный PRESIDENT Chevre из козьего молока 65%, без змж, 140г;269.99 ₽;https://lenta.com/product/720554-syr-tvorozhnyjj-chevre-iz-kozego-moloka-65-bez-zmzh-rossiya-140g/
Сыры;Сыр PAN ASIAN Перлини 40% со вкусом васаби, без змж, 100г;159.99 ₽;https://lenta.com/product/740718-syr-perlini-so-vkusom-vasabi-bez-zmzh-rossiya-100g/
Сыры;Сыр твердый BELSTER Parmesan 40%, нарезка, без змж, 135г;279.99 ₽;https://lenta.com/product/658574-syr-parmesan-tverdyjj-40-nar-bez-zmzh-rossiya-135g/
Сыры;Сыр СЕЛО ЗЕЛЕНОЕ Голландский 45%, без змж, 200г;179.99 ₽;https://lenta.com/product/539766-syr-gollandskijj-45-bez-zmzh-rossiya-200g/
Сыры;Сыр СЫРОБОГАТОВ Голландский 45%, без змж, весовой;231.00 ₽;https://lenta.com/product/146356-syr-gollandskijj-it-45-ves-bez-zmzh-rossiya/
Сыры;Продукт плавленый с сыром СВЕЖАЯ МАРКА со вкусом сливок 60%, с змж, 350г;129.99 ₽;https://lenta.com/product/718953-produkt-plavlenyjj-s-syrom-so-vkusom-slivok-60-vanna-s-zmzh-rossiya-350g/
Сыры;Сыр плавленый HOCHLAND с ветчиной 45%, ломтики, без змж, 150г;109.99 ₽;https://lenta.com/product/31874-syr-plavlenyjj-s-vetchinojj-45-lomtiki-bez-zmzh-rossiya-150g/
Сыры;Сыр плавленый HOCHLAND Чизбургер 50%, без змж, 200г;144.99 ₽;https://lenta.com/product/736686-syr-plavlenyjj-chizburger-50-bez-zmzh-rossiya-200g/
Сыры;Сыр мягкий PRESIDENT Lingot с белой плесенью 60%, без змж, весовой;320.00 ₽;https://lenta.com/product/709044-syr-myagkijj-lingot-s-belojj-plesenyu-60-bez-zmzh-ves-rossiya/
Сыры;Сыр мягкий MLEKARA SABAC Сырко Сливочный 60%, без змж, 100г;82.99 ₽;https://lenta.com/product/392278-syr-myagkijj-slivochnyjj-syrko-60-pl-stak-bez-zmzh-serbiya-100g/
Сыры;Сыр творожный PRETTO 65%, без змж, 140г;109.99 ₽;https://lenta.com/product/699544-syr-tvorozhnyjj-65-pls-bez-zmzh-rossiya-140g/
Сыры;Сыр плавленый PRESIDENT с грибами 45%, без змж, 400г;219.99 ₽;https://lenta.com/product/66272-syr-plavlenyjj-s-gribami-45-bez-zmzh-rossiya-400g/
Сыры;Сыр PRETTO Рикотта 45%, без змж, 500г;259.99 ₽;https://lenta.com/product/723933-syr-rikotta-45-bez-zmzh-rossiya-500g/
Сыры;Сыр ПРЕДГОРЬЕ КАВКАЗА Адыгейский 45%, без змж, 300г;324.99 ₽;https://lenta.com/product/371663-syr-adygejjskijj-45-bez-zmzh-rossiya-300g/
Сыры;Сыр мягкий АТОН Бри с белой плесенью 50–60%, без змж, 100г;189.99 ₽;https://lenta.com/product/521946-syr-bri-myagkijj-s-belojj-plesenyu-50-60-bzmzh-rossiya-100g/
Сыры;Сыр BONFESTO Моцарелла 45%, без змж, вес сыра 100г, вес с рассолом 250г;109.99 ₽;https://lenta.com/product/283560-syr-mocarella-45-ves-syra-100g-bez-zmzh-belarus-250g/
Сыры;Сыр полутвердый РАДОСТЬ ВКУСА Ореховый 40%, нарезка, без змж, 125г;154.99 ₽;https://lenta.com/product/750406-syr-polutverdyjj-orehovyjj-40-bez-zmzh-rossiya-125g/
Сыры;Сыр OLDENBURGER с томатом и базиликом 45%, без змж, 350г;309.99 ₽;https://lenta.com/product/715501-syr-s-tomatom-i-bazilikom-45-cilindr-bez-zmzh-rossiya-350g/
Сыры;Сыр PRETTO Моцарелла кубики для пиццы 45%, без змж, 150г;189.99 ₽;https://lenta.com/product/643311-syr-642770-rossiya-150g/
Сыры;Сыр мягкий ЛЕНТА Бри с белой плесенью 50%, без змж, 125г;199.99 ₽;https://lenta.com/product/883332-syr-myagkijj-s-belojj-plesenyu-bri-50-bez-zmzh-rossiya-125g/
Сыры;Сыр OLDENBURGER с грецким орехом 45%, без змж, 350г;399.99 ₽;https://lenta.com/product/715608-syr-s-greckim-orehom-45-cilindr-bez-zmzh-rossiya-350g/
Сыры;Сыр PRETTO Сливочный, крем-основа 50%, без змж, 450г;289.99 ₽;https://lenta.com/product/731012-syr-slivochnyjj-50-krem-osnova-bez-zmzh-rossiya-450g/
Сыры;Сыр РАДОСТЬ ВКУСА Gold Маасдам 45%, нарезка, без змж, 125г;164.99 ₽;https://lenta.com/product/540412-syr-maasdam-slajjsy-gold-45-bez-zmzh-rossiya-125g/
Сыры;Сыр плавленый HOCHLAND с ветчиной 50%, порционный, без змж, 140г;119.99 ₽;https://lenta.com/product/31875-syr-plavlenyjj-s-vetchinojj-bez-zmzh-rossiya-140g/
Сыры;Сыр полутвердый ЭКОНИВА Воспоминания из Шольбрунна Momente aus Schollbrunn 50%, без змж, 200г;209.99 ₽;https://lenta.com/product/725631-syr-ptvsholbrunn50fasfloup-bez-zmzh-rossiya-200g/
Сыры;Сыр творожный BON MATIN Сливочный 30%, без змж 130г, 130г;89.99 ₽;https://lenta.com/product/743094-syr-tvorozhnyjj-slivochnyjj-30-bez-zmzh-130g-rossiya-130g/
Сыры;Сыр творожный HOCHLAND Фетакса сливочная, без змж, 140г;119.99 ₽;https://lenta.com/product/721595-syr-tvorozhnyjj-fetaksa-slivochnaya-bez-zmzh-rossiya-140g/
Сыры;Продукт полутвердый СЫРНАЯ КУЛЬТУРА Голландский 45%, с змж, 210г;124.99 ₽;https://lenta.com/product/550417-produkt-polutverdyjj-gollandskijj-45-s-zmzh-rossiya-210g/
Сыры;Сыр полутвердый СЫРОВАРНЯ ВОЛЖАНКА Халлуми 50%, без змж, 200г;299.99 ₽;https://lenta.com/product/505251-syr-polutverdyjj-hallumi-50-bez-zmzh-rossiya-200g/
Сыры;Сыр творожный 365 ДНЕЙ сливочный 30%, без змж, 100г;49.89 ₽;https://lenta.com/product/572506-syr-tvorozhnyjj-slivochnyjj-30-bez-zmzh-rossiya-100g/
Сыры;Сыр PRETTO Маскарпоне 80%, без змж, 250г;269.99 ₽;https://lenta.com/product/569890-syr-maskarpone-80-bez-zmzh-rossiya-250g/
Сыры;Сыр MONBLU с голубой благородной плесенью 50%, без змж, весовой;300.00 ₽;https://lenta.com/product/709983-syr-s-golubojj-blagorodnojj-plesenyu-50-bez-zmzh-ves-rossiya/
Сыры;Сыр DORBLU с голубой плесенью 50%, без змж, 100г;289.99 ₽;https://lenta.com/product/457552-syr-s-golubojj-plesenyu-50-bez-zmzh-rossiya-100g/
Сыры;Сыр ЛАРЕЦ с вялеными томатами и орегано 45%, без змж, весовой;330.00 ₽;https://lenta.com/product/715610-syr-s-vyalenymi-tomatami-i-oregano-45-shar-bez-zmzh-ves-rossiya/
Сыры;Сыр BONVIDA Легкий полутвердый 35%, без змж, весовой;240.00 ₽;https://lenta.com/product/886455-syr-ptv-legkijj-35-cilindr-bez-zmzh-ves-rossiya/
Сыры;Сыр мягкий NATURA Сливочный 60%, без змж, 150г;109.99 ₽;https://lenta.com/product/685922-syr-myagkijj-slivochnyjj-60-st-bez-zmzh-serbiya-150g/
Сыры;Сыр RICREM Пармезан 42%, без змж, весовой;381.00 ₽;https://lenta.com/product/661020-syr-parmezan-42-bez-zmzh-ves-argentina/
Сыры;Сыр мягкий рассольный DR.MILK Сербская Брынза 45%, без змж, 165г;139.99 ₽;https://lenta.com/product/661000-syr-serbskaya-brynza-myagkijj-rassolnyjj-45-bez-zmzh-serbiya-165g/
Сыры;Тофу ЛЕНТА LIFE, 120г;69.99 ₽;https://lenta.com/product/695554-tofu-rossiya-120g/
Сыры;Сыр ПОЧИНКИ Тильзитер 45%, без змж, весовой;277.50 ₽;https://lenta.com/product/672086-syr-tilziter-45-ves-bez-zmzh-rossiya/
Сыры;Сыр НЕНАШЕВО Горгонзола 55%, без змж, 100г;164.99 ₽;https://lenta.com/product/703203-syr-gorgonzola-55-bez-zmzh-rossiya-100g/
Сыры;Сыр творожный КАРАТ Виолетта с огурцами и зеленью 70%, без змж, 140г;99.99 ₽;https://lenta.com/product/325297-syr-tvorozhnyjj-violetta-s-ogurcami-i-zelenyu-70-bez-zmzh-rossiya-140g/
Сыры;Сыр творожный HOCHLAND Для кулинарии: для горячих и холодных блюд 65%, без змж, 180г;159.99 ₽;https://lenta.com/product/584923-syr-tvorozhnyjj-dlya-kulinarii-65-bez-zmzh-rossiya-180g/
Сыры;Сыр CHEESE GALLERY Пармезан 3 месяца 40%, без змж, 150г;219.99 ₽;https://lenta.com/product/695699-syr-parmezan-3-mes-40-bez-zmzh-rossiya-150g/
Сыры;Сыр полутвердый Голландский 45%, без змж, 170г;159.99 ₽;https://lenta.com/product/745356-syr-gollandskijj-45-fas-bez-zmzh-rossiya-170g/
Сыры;Сыр ЛЬВИНОЕ СЕРДЦЕ с козьим молоком 45%, без змж, 180г;239.99 ₽;https://lenta.com/product/710050-syr-s-kozim-molokom-45-bez-zmzh-rossiya-180g/
Сыры;Сыр GALBANI Буррата 50%, без змж, 500г;399.99 ₽;https://lenta.com/product/677158-syr-burrata-50-bez-zmzh-rossiya-500g/
Сыры;Сыр творожный BONFESTO Кремчиз Сливочный 65%, без змж, 140г;129.99 ₽;https://lenta.com/product/660292-syr-kremchiz-tvorozhnyjj-slivochnyjj-65-bez-zmzh-belarus-140g/
Сыры;Сыр ЛЕНТА Тильзитер 45%, нарезка, без змж, 150г;154.99 ₽;https://lenta.com/product/660195-syr-tilziter-45-narezka-bez-zmzh-rossiya-150g/
Сыры;Сыр мягкий ЛЕНТА Камамбер с белой плесенью 50%, без змж, 125г;199.99 ₽;https://lenta.com/product/883212-syr-myagkijj-s-belojj-plesenyu-kamamber-50-bez-zmzh-rossiya-125g/
Сыры;Сыр БРЕСТ-ЛИТОВСК Великокняжеский 46%, без змж, весовой;276.00 ₽;https://lenta.com/product/745353-syr-velikoknyazheskijj-46-bez-zmzh-ves-belarus/
Сыры;Сыр копченый БОГДАМИЛК Коса 40%, без змж, весовой;240.00 ₽;https://lenta.com/product/666623-syr-kosa-kopchenaya-40-fu-bez-zmzh-rossiya/
Сыры;Сыр КАБОШ Parmesan колотый от 6 месяцев 40%, без змж, 100г;184.99 ₽;https://lenta.com/product/698663-syr-parmesan-kolotyjj-ot-6-mes-40-bez-zmzh-rossiya-100g/
Сыры;Сыр творожный HOCHLAND Almette с вялеными томатами и базиликом 60%, без змж, 150г;129.99 ₽;https://lenta.com/product/774121-syr-almette-tvorozhnyjj-s-vyalen-tomatami-i-bazilikom-60-bez-zmzh-rossiya-150g/
Сыры;Тофу VEG`S с грибами, 250г;184.99 ₽;https://lenta.com/product/626594-tofu-s-gribami-rossiya-250g/
Сыры;Сыр MARCO PANATTI Пармезан выдержанный 6 месяцев 45%, без змж, 250г;299.99 ₽;https://lenta.com/product/881698-syr-parmezan-vyderzh-6-mes-45-bez-zmzh-rossiya-250g/
Сыры;Сыр DORBLU Шеф микс с голубой плесенью 56%, без змж, 100г;189.99 ₽;https://lenta.com/product/702939-syr-s-golubojj-plesenyu-shef-miks-56-bez-zmzh-rossiya-100g/
Сыры;Сыр NATURA Сливочный Легкий 30%, нарезка, без змж, 300г;439.99 ₽;https://lenta.com/product/685516-syr-slivochnyjj-legkijj-30-nar-bez-zmzh-rossiya-300g/
Сыры;Сыр творожный VIOLA c укропом, чесноком и петрушкой 66%, без змж, 140г;109.99 ₽;https://lenta.com/product/722720-syr-tvorozhnyjj-c-ukropom-chesnokom-i-petrushkojj-66-bez-zmzh-rossiya-140g/
Сыры;Продукт соевый REGALIO VEGAN Тофу Классический, 200г;119.99 ₽;https://lenta.com/product/610871-produkt-soevyjj-tofu-klassicheskijj-rossiya-200g/
Сыры;Сыр мягкий PRESIDENT Brie 60%, без змж, 200г;439.99 ₽;https://lenta.com/product/430636-syr-bri-myagkijj-60-bez-zmzh-rossiya-200g/
Сыры;Сыр полутвердый ЛАМБЕР 50% полшара, без змж, весовой;600.00 ₽;https://lenta.com/product/600223-syr-ptv-50-polshara-fu-bez-zmzh-ves-rossiya/
Сыры;Сыр полутвердый БЕЛЕБЕЕВСКИЙ Российский 50%, без змж, весовой;1099.99 ₽;https://lenta.com/product/900237-syr-ptv-rossijjskijj-50-bez-zmzh-ves-rossiya/
Сыры;Тофу ЛЕНТА LIFE Морская капуста, 120г;69.99 ₽;https://lenta.com/product/901952-tofu-morskaya-kapusta-rossiya-120g/
Сыры;Сыр БОНДЖОРНО моцарелла палочки мдж45% без змж;169.99 ₽;https://lenta.com/product/615846-syr-mocarella-palochki-mdzh45-bez-zmzh-626251-rossiya-120g/
